Date,Open,High,Low,Close,Volume,Dividends,Stock Splits
2021-02-04 00:00:00-05:00,130.0,148.0,120.0,120.0,286054,0.0,0.0
2021-02-05 00:00:00-05:00,123.69999694824219,126.30000305175781,107.69999694824219,110.5,93303,0.0,0.0
2021-02-08 00:00:00-05:00,115.30000305175781,131.10000610351562,109.4010009765625,111.19999694824219,117539,0.0,0.0
2021-02-09 00:00:00-05:00,133.1999969482422,153.5,130.0,139.89999389648438,181087,0.0,0.0
2021-02-10 00:00:00-05:00,149.8000030517578,153.10000610351562,132.0,136.39999389648438,74117,0.0,0.0
2021-02-11 00:00:00-05:00,135.1999969482422,147.0,130.0,135.0,46286,0.0,0.0
2021-02-12 00:00:00-05:00,135.0,138.5,128.10000610351562,130.0,19598,0.0,0.0
2021-02-16 00:00:00-05:00,130.39999389648438,138.3000030517578,128.0,137.89999389648438,30517,0.0,0.0
2021-02-17 00:00:00-05:00,132.10000610351562,145.0,130.3000030517578,143.5,42016,0.0,0.0
2021-02-18 00:00:00-05:00,141.6999969482422,147.5,138.50100708007812,142.6999969482422,20306,0.0,0.0
2021-02-19 00:00:00-05:00,143.8000030517578,150.0,142.10000610351562,145.0,24818,0.0,0.0
2021-02-22 00:00:00-05:00,143.3000030517578,148.3000030517578,134.89999389648438,142.39999389648438,18303,0.0,0.0
2021-02-23 00:00:00-05:00,135.6999969482422,137.5,128.0,133.1999969482422,29863,0.0,0.0
2021-02-24 00:00:00-05:00,132.6999969482422,142.0,131.8000030517578,138.8000030517578,14249,0.0,0.0
2021-02-25 00:00:00-05:00,138.5,142.39999389648438,128.60000610351562,129.89999389648438,26908,0.0,0.0
2021-02-26 00:00:00-05:00,128.60000610351562,141.89999389648438,128.0,134.8000030517578,29930,0.0,0.0
2021-03-01 00:00:00-05:00,137.8000030517578,163.8000030517578,137.3000030517578,162.60000610351562,61531,0.0,0.0
2021-03-02 00:00:00-05:00,166.5,169.88999938964844,142.1999969482422,143.6999969482422,23029,0.0,0.0
2021-03-03 00:00:00-05:00,142.60000610351562,162.3990020751953,136.0,152.39999389648438,39358,0.0,0.0
2021-03-04 00:00:00-05:00,149.89999389648438,153.6999969482422,127.80000305175781,129.0,30918,0.0,0.0
2021-03-05 00:00:00-05:00,133.60000610351562,136.3000030517578,110.30000305175781,124.19999694824219,35021,0.0,0.0
2021-03-08 00:00:00-05:00,125.0,134.8000030517578,125.0,128.0,14987,0.0,0.0
2021-03-09 00:00:00-05:00,128.0,134.6999969482422,126.0999984741211,130.8000030517578,12047,0.0,0.0
2021-03-10 00:00:00-05:00,134.1999969482422,135.0,126.5999984741211,129.1999969482422,8761,0.0,0.0
2021-03-11 00:00:00-05:00,130.3000030517578,134.60000610351562,130.0,133.1999969482422,8397,0.0,0.0
2021-03-12 00:00:00-05:00,130.1999969482422,134.8000030517578,130.1999969482422,134.39999389648438,5782,0.0,0.0
2021-03-15 00:00:00-04:00,135.0,144.46400451660156,131.3000030517578,141.10000610351562,11665,0.0,0.0
2021-03-16 00:00:00-04:00,139.8000030517578,146.6999969482422,135.5,144.0,8185,0.0,0.0
2021-03-17 00:00:00-04:00,142.3000030517578,151.5,139.1999969482422,146.1999969482422,8831,0.0,0.0
2021-03-18 00:00:00-04:00,144.89999389648438,152.0,143.0,144.6999969482422,11847,0.0,0.0
2021-03-19 00:00:00-04:00,148.3000030517578,148.3000030517578,136.0,137.0,99139,0.0,0.0
2021-03-22 00:00:00-04:00,136.5,140.5989990234375,131.10000610351562,133.8000030517578,8064,0.0,0.0
2021-03-23 00:00:00-04:00,131.3000030517578,132.39999389648438,126.5,126.5999984741211,6666,0.0,0.0
2021-03-24 00:00:00-04:00,127.5,128.89999389648438,111.5999984741211,112.4000015258789,18050,0.0,0.0
2021-03-25 00:00:00-04:00,111.80000305175781,116.0999984741211,111.5,113.5,5039,0.0,0.0
2021-03-26 00:00:00-04:00,113.5999984741211,121.79900360107422,103.30000305175781,104.5999984741211,18240,0.0,0.0
2021-03-29 00:00:00-04:00,104.9000015258789,108.80000305175781,94.0,94.69999694824219,15086,0.0,0.0
2021-03-30 00:00:00-04:00,95.80000305175781,97.30000305175781,91.0,94.80000305175781,7170,0.0,0.0
2021-03-31 00:00:00-04:00,93.69999694824219,98.9000015258789,93.69999694824219,96.30000305175781,11388,0.0,0.0
2021-04-01 00:00:00-04:00,95.9000015258789,101.06800079345703,95.0999984741211,97.0999984741211,14629,0.0,0.0
2021-04-05 00:00:00-04:00,97.0999984741211,100.4990005493164,88.19999694824219,92.5999984741211,26670,0.0,0.0
2021-04-06 00:00:00-04:00,96.5999984741211,102.69999694824219,93.30999755859375,100.0,19950,0.0,0.0
2021-04-07 00:00:00-04:00,97.5999984741211,98.9000015258789,93.30000305175781,95.0999984741211,10908,0.0,0.0
2021-04-08 00:00:00-04:00,96.0,101.5999984741211,94.16999816894531,101.5999984741211,8256,0.0,0.0
2021-04-09 00:00:00-04:00,100.0999984741211,102.9000015258789,97.0999984741211,99.30000305175781,6662,0.0,0.0
2021-04-12 00:00:00-04:00,98.80000305175781,102.4000015258789,97.5,101.5,11719,0.0,0.0
2021-04-13 00:00:00-04:00,102.0,107.90499877929688,100.5,106.0999984741211,10355,0.0,0.0
2021-04-14 00:00:00-04:00,105.0,115.0999984741211,102.63500213623047,112.5999984741211,6254,0.0,0.0
2021-04-15 00:00:00-04:00,113.69999694824219,115.4000015258789,106.07499694824219,112.69999694824219,2936,0.0,0.0
2021-04-16 00:00:00-04:00,113.4000015258789,117.0,107.80000305175781,115.0999984741211,2986,0.0,0.0
2021-04-19 00:00:00-04:00,115.0,115.0,104.5,108.5,4738,0.0,0.0
2021-04-20 00:00:00-04:00,108.69999694824219,108.69999694824219,100.5,100.5999984741211,2074,0.0,0.0
2021-04-21 00:00:00-04:00,101.0009994506836,112.0999984741211,101.0009994506836,109.0999984741211,1552,0.0,0.0
2021-04-22 00:00:00-04:00,109.30000305175781,111.19999694824219,102.0999984741211,104.0,5200,0.0,0.0
2021-04-23 00:00:00-04:00,104.80000305175781,104.80000305175781,101.0,101.80000305175781,2567,0.0,0.0
2021-04-26 00:00:00-04:00,100.5999984741211,118.7249984741211,100.5999984741211,118.30000305175781,15701,0.0,0.0
2021-04-27 00:00:00-04:00,119.0,120.5989990234375,114.0,117.80000305175781,14603,0.0,0.0
2021-04-28 00:00:00-04:00,120.69999694824219,121.30599975585938,116.0,117.5999984741211,5902,0.0,0.0
2021-04-29 00:00:00-04:00,117.5999984741211,118.80799865722656,111.0999984741211,114.5,2807,0.0,0.0
2021-04-30 00:00:00-04:00,114.4000015258789,115.322998046875,107.5,110.19999694824219,4721,0.0,0.0
2021-05-03 00:00:00-04:00,112.19999694824219,112.5999984741211,106.79900360107422,110.0999984741211,2971,0.0,0.0
2021-05-04 00:00:00-04:00,108.5,108.6500015258789,103.5999984741211,106.0,4921,0.0,0.0
2021-05-05 00:00:00-04:00,105.0,108.1500015258789,105.0,106.69999694824219,2016,0.0,0.0
2021-05-06 00:00:00-04:00,107.80000305175781,110.69999694824219,103.9000015258789,108.30000305175781,6748,0.0,0.0
2021-05-07 00:00:00-04:00,109.80000305175781,109.80000305175781,103.5,104.5999984741211,3186,0.0,0.0
2021-05-10 00:00:00-04:00,109.0,109.0,102.80000305175781,105.69999694824219,8226,0.0,0.0
2021-05-11 00:00:00-04:00,102.0,107.19999694824219,100.23600006103516,105.80000305175781,4153,0.0,0.0
2021-05-12 00:00:00-04:00,104.19999694824219,105.30000305175781,100.80000305175781,101.0999984741211,2733,0.0,0.0
2021-05-13 00:00:00-04:00,102.0,104.2750015258789,101.0999984741211,102.0,3078,0.0,0.0
2021-05-14 00:00:00-04:00,104.0999984741211,121.8499984741211,100.80000305175781,116.5,22005,0.0,0.0
2021-05-17 00:00:00-04:00,114.0,117.5,111.5,116.69999694824219,2995,0.0,0.0
2021-05-18 00:00:00-04:00,117.4000015258789,124.29900360107422,116.4000015258789,118.19999694824219,5857,0.0,0.0
2021-05-19 00:00:00-04:00,116.19999694824219,122.26399993896484,111.25199890136719,121.5999984741211,4709,0.0,0.0
2021-05-20 00:00:00-04:00,121.5999984741211,125.5,116.3010025024414,125.30000305175781,6915,0.0,0.0
2021-05-21 00:00:00-04:00,126.19999694824219,126.30000305175781,115.80000305175781,120.5999984741211,5054,0.0,0.0
2021-05-24 00:00:00-04:00,118.36699676513672,118.36699676513672,105.9000015258789,106.19999694824219,5989,0.0,0.0
2021-05-25 00:00:00-04:00,107.5999984741211,110.80000305175781,103.0999984741211,104.19999694824219,4054,0.0,0.0
2021-05-26 00:00:00-04:00,105.69999694824219,107.48500061035156,100.5999984741211,105.9000015258789,4944,0.0,0.0
2021-05-27 00:00:00-04:00,107.69999694824219,108.4000015258789,103.5,104.80000305175781,3077,0.0,0.0
2021-05-28 00:00:00-04:00,105.19999694824219,112.30000305175781,105.19999694824219,109.80000305175781,3903,0.0,0.0
2021-06-01 00:00:00-04:00,110.0,112.4000015258789,105.80000305175781,110.9000015258789,3454,0.0,0.0
2021-06-02 00:00:00-04:00,106.80000305175781,114.5999984741211,106.80000305175781,113.19999694824219,6664,0.0,0.0
2021-06-03 00:00:00-04:00,112.30000305175781,119.5,108.69999694824219,116.30000305175781,5718,0.0,0.0
2021-06-04 00:00:00-04:00,118.0,119.4000015258789,112.80999755859375,117.80000305175781,3293,0.0,0.0
2021-06-07 00:00:00-04:00,119.0,126.0,117.80000305175781,122.0,6703,0.0,0.0
2021-06-08 00:00:00-04:00,123.19999694824219,124.5,120.5999984741211,123.69999694824219,1972,0.0,0.0
2021-06-09 00:00:00-04:00,124.5999984741211,127.30000305175781,120.0999984741211,120.19999694824219,3129,0.0,0.0
2021-06-10 00:00:00-04:00,122.0999984741211,123.19999694824219,116.0999984741211,121.5999984741211,1205,0.0,0.0
2021-06-11 00:00:00-04:00,121.30000305175781,124.1500015258789,117.8499984741211,120.9000015258789,2763,0.0,0.0
2021-06-14 00:00:00-04:00,120.80000305175781,128.3000030517578,116.29299926757812,123.5,6114,0.0,0.0
2021-06-15 00:00:00-04:00,123.69999694824219,123.69999694824219,117.55000305175781,120.0,3973,0.0,0.0
2021-06-16 00:00:00-04:00,118.30000305175781,123.6500015258789,116.80000305175781,120.0,5645,0.0,0.0
2021-06-17 00:00:00-04:00,119.0,122.0999984741211,118.19999694824219,120.4000015258789,5042,0.0,0.0
2021-06-18 00:00:00-04:00,119.5,123.0999984741211,117.5,118.80000305175781,6623,0.0,0.0
2021-06-21 00:00:00-04:00,116.40399932861328,120.0999984741211,115.4000015258789,116.9000015258789,6472,0.0,0.0
2021-06-22 00:00:00-04:00,116.19999694824219,116.19999694824219,108.4000015258789,112.69999694824219,7633,0.0,0.0
2021-06-23 00:00:00-04:00,111.80000305175781,115.69999694824219,109.19999694824219,111.69999694824219,5075,0.0,0.0
2021-06-24 00:00:00-04:00,112.9000015258789,112.9000015258789,109.0,110.0,6060,0.0,0.0
2021-06-25 00:00:00-04:00,109.30000305175781,122.19999694824219,109.30000305175781,120.0,16798,0.0,0.0
2021-06-28 00:00:00-04:00,118.69999694824219,120.0999984741211,109.30000305175781,115.30000305175781,5864,0.0,0.0
2021-06-29 00:00:00-04:00,116.69999694824219,116.80000305175781,113.3499984741211,116.80000305175781,2087,0.0,0.0
2021-06-30 00:00:00-04:00,116.4000015258789,119.0,113.36199951171875,115.5,1854,0.0,0.0
2021-07-01 00:00:00-04:00,115.5,116.1500015258789,113.5,115.80000305175781,1058,0.0,0.0
2021-07-02 00:00:00-04:00,115.5,115.5,111.0,111.19999694824219,2247,0.0,0.0
2021-07-06 00:00:00-04:00,111.0999984741211,113.9000015258789,109.9000015258789,111.9000015258789,1482,0.0,0.0
2021-07-07 00:00:00-04:00,111.69999694824219,111.9000015258789,106.80000305175781,107.5999984741211,2617,0.0,0.0
2021-07-08 00:00:00-04:00,105.5,109.9000015258789,103.5,109.5,1389,0.0,0.0
2021-07-09 00:00:00-04:00,110.30000305175781,112.0,107.30000305175781,109.9000015258789,917,0.0,0.0
2021-07-12 00:00:00-04:00,107.80000305175781,109.0,104.0999984741211,104.9000015258789,2205,0.0,0.0
2021-07-13 00:00:00-04:00,104.9000015258789,107.30000305175781,101.0,101.5,3932,0.0,0.0
2021-07-14 00:00:00-04:00,102.80000305175781,102.80000305175781,98.0,99.5999984741211,2539,0.0,0.0
2021-07-15 00:00:00-04:00,98.19999694824219,101.30000305175781,95.0,97.69999694824219,3014,0.0,0.0
2021-07-16 00:00:00-04:00,99.9000015258789,103.0,98.0,99.5,1889,0.0,0.0
2021-07-19 00:00:00-04:00,97.5,113.6500015258789,96.0,111.5,10399,0.0,0.0
2021-07-20 00:00:00-04:00,110.5999984741211,113.0199966430664,108.5999984741211,111.0,3788,0.0,0.0
2021-07-21 00:00:00-04:00,110.5999984741211,112.0,106.25,109.9000015258789,3493,0.0,0.0
2021-07-22 00:00:00-04:00,108.30000305175781,112.80000305175781,104.5,109.0,2646,0.0,0.0
2021-07-23 00:00:00-04:00,108.69999694824219,111.0,105.1500015258789,110.4000015258789,3540,0.0,0.0
2021-07-26 00:00:00-04:00,105.8499984741211,110.0999984741211,104.19999694824219,108.0,3809,0.0,0.0
2021-07-27 00:00:00-04:00,108.30000305175781,112.80000305175781,107.80000305175781,109.0,4491,0.0,0.0
2021-07-28 00:00:00-04:00,109.5999984741211,118.4000015258789,107.4000015258789,115.5999984741211,10033,0.0,0.0
2021-07-29 00:00:00-04:00,110.5999984741211,116.4000015258789,110.44999694824219,112.80000305175781,6578,0.0,0.0
2021-07-30 00:00:00-04:00,117.5,118.9000015258789,107.19999694824219,109.80000305175781,5165,0.0,0.0
2021-08-02 00:00:00-04:00,111.5,116.94999694824219,108.1989974975586,113.5,4435,0.0,0.0
2021-08-03 00:00:00-04:00,114.69999694824219,116.9000015258789,109.4000015258789,114.5999984741211,8406,0.0,0.0
2021-08-04 00:00:00-04:00,114.30000305175781,127.0,112.5999984741211,123.69999694824219,17917,0.0,0.0
2021-08-05 00:00:00-04:00,123.19999694824219,136.0,121.94000244140625,134.6999969482422,11998,0.0,0.0
2021-08-06 00:00:00-04:00,133.89999389648438,134.5989990234375,125.19999694824219,130.8000030517578,2351,0.0,0.0
2021-08-09 00:00:00-04:00,130.8000030517578,134.5,129.9010009765625,133.10000610351562,3736,0.0,0.0
2021-08-10 00:00:00-04:00,132.1999969482422,132.1999969482422,129.0,129.8000030517578,3119,0.0,0.0
2021-08-11 00:00:00-04:00,129.3000030517578,133.6999969482422,126.60099792480469,133.60000610351562,1895,0.0,0.0
2021-08-12 00:00:00-04:00,132.6999969482422,134.39999389648438,125.9000015258789,134.39999389648438,1215,0.0,0.0
2021-08-13 00:00:00-04:00,134.1999969482422,135.0,131.9600067138672,134.6999969482422,1094,0.0,0.0
2021-08-16 00:00:00-04:00,132.5,134.0,130.1999969482422,132.5,1289,0.0,0.0
2021-08-17 00:00:00-04:00,130.0,134.1999969482422,123.10199737548828,131.5,1908,0.0,0.0
2021-08-18 00:00:00-04:00,130.89999389648438,139.0,130.89999389648438,134.10000610351562,5836,0.0,0.0
2021-08-19 00:00:00-04:00,133.14999389648438,138.10000610351562,132.5500030517578,137.89999389648438,2650,0.0,0.0
2021-08-20 00:00:00-04:00,136.60000610351562,138.60000610351562,133.03500366210938,137.10000610351562,2362,0.0,0.0
2021-08-23 00:00:00-04:00,132.8000030517578,137.39999389648438,128.8000030517578,135.6999969482422,4070,0.0,0.0
2021-08-24 00:00:00-04:00,134.89999389648438,134.89999389648438,133.60000610351562,134.8000030517578,3694,0.0,0.0
2021-08-25 00:00:00-04:00,134.5,144.39999389648438,134.5,138.6999969482422,3834,0.0,0.0
2021-08-26 00:00:00-04:00,137.7010040283203,146.6999969482422,137.6999969482422,138.39999389648438,4563,0.0,0.0
2021-08-27 00:00:00-04:00,139.89999389648438,143.3000030517578,139.89999389648438,141.8000030517578,1389,0.0,0.0
2021-08-30 00:00:00-04:00,140.5500030517578,143.89999389648438,139.0,140.3000030517578,2228,0.0,0.0
2021-08-31 00:00:00-04:00,140.5,145.8000030517578,130.1999969482422,132.8000030517578,3033,0.0,0.0
2021-09-01 00:00:00-04:00,134.10000610351562,137.89999389648438,129.99000549316406,136.8000030517578,1056,0.0,0.0
2021-09-02 00:00:00-04:00,138.5,150.0,134.0,145.60000610351562,7799,0.0,0.0
2021-09-03 00:00:00-04:00,143.8000030517578,152.3000030517578,141.3000030517578,142.10000610351562,5811,0.0,0.0
2021-09-07 00:00:00-04:00,143.39999389648438,149.60000610351562,140.1999969482422,146.3000030517578,2753,0.0,0.0
2021-09-08 00:00:00-04:00,145.60000610351562,154.8000030517578,144.39999389648438,151.89999389648438,3965,0.0,0.0
2021-09-09 00:00:00-04:00,150.0,155.3000030517578,147.3000030517578,152.5,3967,0.0,0.0
2021-09-10 00:00:00-04:00,154.17300415039062,155.0,143.10000610351562,143.89999389648438,2999,0.0,0.0
2021-09-13 00:00:00-04:00,145.60000610351562,148.39999389648438,139.5,143.10000610351562,2920,0.0,0.0
2021-09-14 00:00:00-04:00,141.6999969482422,148.10000610351562,137.5,138.3000030517578,3054,0.0,0.0
2021-09-15 00:00:00-04:00,139.6999969482422,160.0,139.6999969482422,153.8000030517578,8945,0.0,0.0
2021-09-16 00:00:00-04:00,153.3000030517578,155.39999389648438,149.3000030517578,152.6999969482422,3441,0.0,0.0
2021-09-17 00:00:00-04:00,151.0,155.5,146.5,155.39999389648438,20492,0.0,0.0
2021-09-20 00:00:00-04:00,154.60000610351562,160.0,145.8000030517578,157.6999969482422,4648,0.0,0.0
2021-09-21 00:00:00-04:00,156.0,161.6999969482422,149.3000030517578,154.3000030517578,6085,0.0,0.0
2021-09-22 00:00:00-04:00,154.0,154.0,146.1999969482422,150.0,4292,0.0,0.0
2021-09-23 00:00:00-04:00,157.10000610351562,158.99899291992188,149.5,151.0,19264,0.0,0.0
2021-09-24 00:00:00-04:00,152.10000610351562,152.39999389648438,147.10000610351562,149.0,2099,0.0,0.0
2021-09-27 00:00:00-04:00,147.6999969482422,153.3000030517578,147.69500732421875,148.5,2854,0.0,0.0
2021-09-28 00:00:00-04:00,148.39999389648438,152.0,143.1999969482422,146.89999389648438,4210,0.0,0.0
2021-09-29 00:00:00-04:00,147.10000610351562,152.60000610351562,142.5,146.89999389648438,4760,0.0,0.0
2021-09-30 00:00:00-04:00,147.39999389648438,152.10000610351562,143.10000610351562,146.0,6194,0.0,0.0
2021-10-01 00:00:00-04:00,145.24600219726562,151.85000610351562,142.6999969482422,149.10000610351562,4397,0.0,0.0
2021-10-04 00:00:00-04:00,142.8000030517578,157.2989959716797,132.39999389648438,148.10000610351562,18184,0.0,0.0
2021-10-05 00:00:00-04:00,149.60000610351562,155.0,146.6999969482422,148.6999969482422,5918,0.0,0.0
2021-10-06 00:00:00-04:00,148.0,153.39999389648438,148.0,148.6999969482422,8243,0.0,0.0
2021-10-07 00:00:00-04:00,153.0,153.0,145.10000610351562,146.1999969482422,2137,0.0,0.0
2021-10-08 00:00:00-04:00,146.0,147.5500030517578,144.5500030517578,145.0,723,0.0,0.0
2021-10-11 00:00:00-04:00,146.60000610351562,153.0,144.10000610351562,147.6999969482422,4613,0.0,0.0
2021-10-12 00:00:00-04:00,148.5,150.0,147.0,148.3000030517578,2303,0.0,0.0
2021-10-13 00:00:00-04:00,147.6999969482422,148.3000030517578,144.6999969482422,145.8000030517578,778,0.0,0.0
2021-10-14 00:00:00-04:00,148.0,150.0,142.5,144.6999969482422,4350,0.0,0.0
2021-10-15 00:00:00-04:00,147.89999389648438,150.0,145.58999633789062,149.1999969482422,3643,0.0,0.0
2021-10-18 00:00:00-04:00,147.39999389648438,150.0,145.8000030517578,146.60000610351562,2384,0.0,0.0
2021-10-19 00:00:00-04:00,150.0,150.0,147.5540008544922,149.1999969482422,11859,0.0,0.0
2021-10-20 00:00:00-04:00,150.0,150.0,148.0,149.1999969482422,45376,0.0,0.0
2021-10-21 00:00:00-04:00,150.0,150.0,146.0,147.6999969482422,18644,0.0,0.0
2021-10-22 00:00:00-04:00,147.89999389648438,147.89999389648438,137.5500030517578,138.39999389648438,7460,0.0,0.0
2021-10-25 00:00:00-04:00,139.0,140.5,136.89999389648438,138.6999969482422,3107,0.0,0.0
2021-10-26 00:00:00-04:00,139.89999389648438,141.0,137.5,139.39999389648438,8300,0.0,0.0
2021-10-27 00:00:00-04:00,139.6999969482422,141.3000030517578,136.75,138.60000610351562,3421,0.0,0.0
2021-10-28 00:00:00-04:00,136.89999389648438,140.5,133.39999389648438,134.0,20577,0.0,0.0
2021-10-29 00:00:00-04:00,134.5,138.5,132.0,134.60000610351562,11725,0.0,0.0
2021-11-01 00:00:00-04:00,134.0,141.5,134.0,138.1999969482422,4822,0.0,0.0
2021-11-02 00:00:00-04:00,142.60000610351562,143.2949981689453,136.8000030517578,139.0,8302,0.0,0.0
2021-11-03 00:00:00-04:00,139.1999969482422,143.0,139.1999969482422,141.1999969482422,7563,0.0,0.0
2021-11-04 00:00:00-04:00,140.1999969482422,143.8000030517578,137.1999969482422,140.3000030517578,11879,0.0,0.0
2021-11-05 00:00:00-04:00,140.5,147.0,134.0,144.10000610351562,7966,0.0,0.0
2021-11-08 00:00:00-05:00,144.3000030517578,150.0,144.3000030517578,149.60000610351562,12620,0.0,0.0
2021-11-09 00:00:00-05:00,149.89999389648438,150.0,147.6999969482422,150.0,9014,0.0,0.0
2021-11-10 00:00:00-05:00,150.0,150.0,143.80099487304688,145.8000030517578,4958,0.0,0.0
2021-11-11 00:00:00-05:00,146.10000610351562,150.0,145.39999389648438,149.89999389648438,5647,0.0,0.0
2021-11-12 00:00:00-05:00,149.5,149.8000030517578,147.59800720214844,149.8000030517578,3054,0.0,0.0
2021-11-15 00:00:00-05:00,149.8000030517578,150.0,134.5500030517578,140.10000610351562,11671,0.0,0.0
2021-11-16 00:00:00-05:00,133.10000610351562,133.10000610351562,106.5,106.5999984741211,42192,0.0,0.0
2021-11-17 00:00:00-05:00,107.19999694824219,108.4000015258789,95.9000015258789,101.5999984741211,14118,0.0,0.0
2021-11-18 00:00:00-05:00,100.80000305175781,102.4000015258789,97.0,98.80000305175781,13665,0.0,0.0
2021-11-19 00:00:00-05:00,98.30000305175781,98.5,93.19999694824219,95.19999694824219,8772,0.0,0.0
2021-11-22 00:00:00-05:00,95.19999694824219,96.30000305175781,88.69999694824219,90.4000015258789,8901,0.0,0.0
2021-11-23 00:00:00-05:00,89.19999694824219,90.8499984741211,83.19100189208984,86.30000305175781,10832,0.0,0.0
2021-11-24 00:00:00-05:00,85.69999694824219,90.4000015258789,81.9000015258789,84.5,9355,0.0,0.0
2021-11-26 00:00:00-05:00,84.4000015258789,84.4000015258789,77.30000305175781,77.4000015258789,6512,0.0,0.0
2021-11-29 00:00:00-05:00,78.4000015258789,79.375,72.4000015258789,73.19999694824219,10506,0.0,0.0
2021-11-30 00:00:00-05:00,72.5,74.30000305175781,67.80000305175781,72.30000305175781,13760,0.0,0.0
2021-12-01 00:00:00-05:00,73.5,74.58899688720703,65.0,66.9000015258789,13671,0.0,0.0
2021-12-02 00:00:00-05:00,66.9000015258789,66.9000015258789,61.5,64.19999694824219,17728,0.0,0.0
2021-12-03 00:00:00-05:00,64.9000015258789,64.9000015258789,60.29999923706055,61.70000076293945,11143,0.0,0.0
2021-12-06 00:00:00-05:00,61.599998474121094,64.0,60.0,62.5,14812,0.0,0.0
2021-12-07 00:00:00-05:00,63.0,72.30000305175781,62.70000076293945,65.4000015258789,19614,0.0,0.0
2021-12-08 00:00:00-05:00,66.69999694824219,68.5999984741211,65.3740005493164,66.0,9045,0.0,0.0
2021-12-09 00:00:00-05:00,65.0,65.0,60.599998474121094,60.900001525878906,8032,0.0,0.0
2021-12-10 00:00:00-05:00,62.29999923706055,62.29999923706055,56.0,56.900001525878906,14348,0.0,0.0
2021-12-13 00:00:00-05:00,57.29999923706055,57.599998474121094,51.79999923706055,53.20000076293945,12452,0.0,0.0
2021-12-14 00:00:00-05:00,52.900001525878906,52.900001525878906,50.0,51.20000076293945,9859,0.0,0.0
2021-12-15 00:00:00-05:00,50.900001525878906,54.79999923706055,47.70000076293945,53.79999923706055,14074,0.0,0.0
2021-12-16 00:00:00-05:00,54.20000076293945,54.70000076293945,48.0,48.5,10724,0.0,0.0
2021-12-17 00:00:00-05:00,47.599998474121094,51.70000076293945,45.400001525878906,49.5,43347,0.0,0.0
2021-12-20 00:00:00-05:00,49.400001525878906,49.400001525878906,45.650001525878906,47.5,11114,0.0,0.0
2021-12-21 00:00:00-05:00,48.79999923706055,55.0,47.5,52.599998474121094,14298,0.0,0.0
2021-12-22 00:00:00-05:00,52.5,57.0,51.0,53.29999923706055,8382,0.0,0.0
2021-12-23 00:00:00-05:00,52.900001525878906,57.5,51.29999923706055,54.900001525878906,9243,0.0,0.0
2021-12-27 00:00:00-05:00,55.20000076293945,55.20000076293945,51.400001525878906,52.20000076293945,6292,0.0,0.0
2021-12-28 00:00:00-05:00,52.900001525878906,53.400001525878906,49.099998474121094,49.29999923706055,3996,0.0,0.0
2021-12-29 00:00:00-05:00,49.29999923706055,51.70000076293945,46.29999923706055,47.0,5865,0.0,0.0
2021-12-30 00:00:00-05:00,48.599998474121094,52.0,46.599998474121094,49.0,7224,0.0,0.0
2021-12-31 00:00:00-05:00,48.79999923706055,50.70000076293945,47.599998474121094,48.0,3209,0.0,0.0
2022-01-03 00:00:00-05:00,48.5,53.20000076293945,47.650001525878906,52.20000076293945,4948,0.0,0.0
2022-01-04 00:00:00-05:00,52.099998474121094,53.400001525878906,48.742000579833984,49.70000076293945,4162,0.0,0.0
2022-01-05 00:00:00-05:00,49.0,49.20000076293945,44.599998474121094,45.0,4642,0.0,0.0
2022-01-06 00:00:00-05:00,44.400001525878906,44.790000915527344,42.03499984741211,43.400001525878906,3088,0.0,0.0
2022-01-07 00:00:00-05:00,43.0,43.70000076293945,40.0,41.79999923706055,4330,0.0,0.0
2022-01-10 00:00:00-05:00,40.0,42.099998474121094,39.0,41.900001525878906,2677,0.0,0.0
2022-01-11 00:00:00-05:00,41.20000076293945,42.400001525878906,40.599998474121094,40.900001525878906,2486,0.0,0.0
2022-01-12 00:00:00-05:00,41.20000076293945,41.20000076293945,38.599998474121094,38.79999923706055,2502,0.0,0.0
2022-01-13 00:00:00-05:00,38.900001525878906,38.900001525878906,35.5,36.599998474121094,4250,0.0,0.0
2022-01-14 00:00:00-05:00,35.70000076293945,37.599998474121094,34.0,37.20000076293945,4393,0.0,0.0
2022-01-18 00:00:00-05:00,35.79999923706055,36.20000076293945,33.900001525878906,34.29999923706055,2947,0.0,0.0
2022-01-19 00:00:00-05:00,34.650001525878906,34.75,32.5,32.79999923706055,4940,0.0,0.0
2022-01-20 00:00:00-05:00,33.599998474121094,34.20000076293945,30.100000381469727,31.100000381469727,3977,0.0,0.0
2022-01-21 00:00:00-05:00,30.399999618530273,31.100000381469727,29.100000381469727,29.399999618530273,20799,0.0,0.0
2022-01-24 00:00:00-05:00,27.799999237060547,34.5,27.799999237060547,33.900001525878906,5048,0.0,0.0
2022-01-25 00:00:00-05:00,33.0,36.400001525878906,30.700000762939453,36.0,6987,0.0,0.0
2022-01-26 00:00:00-05:00,37.20000076293945,37.20000076293945,31.5,32.5,5054,0.0,0.0
2022-01-27 00:00:00-05:00,32.5,33.5,30.200000762939453,31.299999237060547,2788,0.0,0.0
2022-01-28 00:00:00-05:00,31.799999237060547,32.79999923706055,29.59000015258789,32.400001525878906,2192,0.0,0.0
2022-01-31 00:00:00-05:00,31.799999237060547,36.20000076293945,31.799999237060547,34.29999923706055,2906,0.0,0.0
2022-02-01 00:00:00-05:00,36.25,36.70000076293945,32.5,33.20000076293945,14533,0.0,0.0
2022-02-02 00:00:00-05:00,33.099998474121094,33.45000076293945,29.799999237060547,30.5,10004,0.0,0.0
2022-02-03 00:00:00-05:00,30.399999618530273,30.600000381469727,28.200000762939453,28.5,2974,0.0,0.0
2022-02-04 00:00:00-05:00,28.600000381469727,28.799999237060547,26.0,26.100000381469727,7166,0.0,0.0
2022-02-07 00:00:00-05:00,26.200000762939453,26.5,23.0,23.399999618530273,48585,0.0,0.0
2022-02-08 00:00:00-05:00,23.799999237060547,24.5,23.299999237060547,23.399999618530273,8171,0.0,0.0
2022-02-09 00:00:00-05:00,23.5,24.0,19.5,20.200000762939453,115061,0.0,0.0
2022-02-10 00:00:00-05:00,20.399999618530273,22.399999618530273,20.399999618530273,21.5,20622,0.0,0.0
2022-02-11 00:00:00-05:00,21.399999618530273,22.100000381469727,20.100000381469727,20.399999618530273,12982,0.0,0.0
2022-02-14 00:00:00-05:00,20.299999237060547,20.899999618530273,20.299999237060547,20.399999618530273,5900,0.0,0.0
2022-02-15 00:00:00-05:00,20.700000762939453,22.299999237060547,20.700000762939453,21.899999618530273,18358,0.0,0.0
2022-02-16 00:00:00-05:00,22.0,22.799999237060547,21.5,21.899999618530273,9380,0.0,0.0
2022-02-17 00:00:00-05:00,22.5,22.5,19.948999404907227,20.200000762939453,7500,0.0,0.0
2022-02-18 00:00:00-05:00,20.0,20.41900062561035,20.0,20.200000762939453,5787,0.0,0.0
2022-02-22 00:00:00-05:00,20.0,20.200000762939453,18.600000381469727,18.899999618530273,10906,0.0,0.0
2022-02-23 00:00:00-05:00,19.0,19.600000381469727,18.700000762939453,19.100000381469727,18839,0.0,0.0
2022-02-24 00:00:00-05:00,18.799999237060547,20.5,18.735000610351562,20.5,8429,0.0,0.0
2022-02-25 00:00:00-05:00,20.399999618530273,21.600000381469727,20.399999618530273,21.200000762939453,8598,0.0,0.0
2022-02-28 00:00:00-05:00,20.700000762939453,21.899999618530273,20.700000762939453,21.299999237060547,7803,0.0,0.0
2022-03-01 00:00:00-05:00,21.5,21.600000381469727,20.5,20.600000381469727,4783,0.0,0.0
2022-03-02 00:00:00-05:00,20.899999618530273,21.0,20.0,20.200000762939453,3884,0.0,0.0
2022-03-03 00:00:00-05:00,20.200000762939453,20.450000762939453,18.600000381469727,19.0,5271,0.0,0.0
2022-03-04 00:00:00-05:00,19.000999450683594,19.299999237060547,17.149999618530273,17.799999237060547,8467,0.0,0.0
2022-03-07 00:00:00-05:00,17.700000762939453,18.200000762939453,16.200000762939453,16.299999237060547,8630,0.0,0.0
2022-03-08 00:00:00-05:00,16.299999237060547,16.5,14.600000381469727,14.699999809265137,14459,0.0,0.0
2022-03-09 00:00:00-05:00,15.800000190734863,16.0,15.100000381469727,15.300000190734863,11980,0.0,0.0
2022-03-10 00:00:00-05:00,15.0,15.100000381469727,14.100000381469727,14.399999618530273,8179,0.0,0.0
2022-03-11 00:00:00-05:00,14.399999618530273,15.0,14.300000190734863,14.699999809265137,3532,0.0,0.0
2022-03-14 00:00:00-04:00,15.0,16.29400062561035,15.0,15.0,7134,0.0,0.0
2022-03-15 00:00:00-04:00,15.300000190734863,15.649999618530273,14.899999618530273,15.399999618530273,4103,0.0,0.0
2022-03-16 00:00:00-04:00,15.800000190734863,17.049999237060547,15.800000190734863,16.399999618530273,7925,0.0,0.0
2022-03-17 00:00:00-04:00,16.600000381469727,17.399999618530273,16.5,16.700000762939453,8804,0.0,0.0
2022-03-18 00:00:00-04:00,16.899999618530273,17.5,16.100000381469727,17.399999618530273,15080,0.0,0.0
2022-03-21 00:00:00-04:00,17.799999237060547,17.899999618530273,16.899999618530273,17.0,7426,0.0,0.0
2022-03-22 00:00:00-04:00,17.200000762939453,17.5,16.399999618530273,17.299999237060547,4939,0.0,0.0
2022-03-23 00:00:00-04:00,17.5,17.850000381469727,17.100000381469727,17.200000762939453,2889,0.0,0.0
2022-03-24 00:00:00-04:00,17.600000381469727,18.299999237060547,17.200000762939453,18.0,8212,0.0,0.0
2022-03-25 00:00:00-04:00,18.0,18.698999404907227,17.600000381469727,17.700000762939453,9616,0.0,0.0
2022-03-28 00:00:00-04:00,18.0,18.979000091552734,18.0,18.299999237060547,5147,0.0,0.0
2022-03-29 00:00:00-04:00,18.700000762939453,19.200000762939453,17.899999618530273,18.0,6473,0.0,0.0
2022-03-30 00:00:00-04:00,18.0,18.100000381469727,16.100000381469727,16.200000762939453,4575,0.0,0.0
2022-03-31 00:00:00-04:00,16.200000762939453,16.200000762939453,14.5,14.75,7597,0.0,0.0
2022-04-01 00:00:00-04:00,15.100000381469727,15.373000144958496,14.800000190734863,15.0,5267,0.0,0.0
2022-04-04 00:00:00-04:00,15.300000190734863,15.5,15.0,15.0,7050,0.0,0.0
2022-04-05 00:00:00-04:00,15.399999618530273,15.49899959564209,14.600000381469727,14.600000381469727,5466,0.0,0.0
2022-04-06 00:00:00-04:00,14.5,14.5,12.949999809265137,14.199999809265137,15968,0.0,0.0
2022-04-07 00:00:00-04:00,14.100000381469727,14.399999618530273,13.5,13.800000190734863,6640,0.0,0.0
2022-04-08 00:00:00-04:00,13.800000190734863,14.199999809265137,12.986000061035156,13.399999618530273,9666,0.0,0.0
2022-04-11 00:00:00-04:00,13.199999809265137,13.461999893188477,12.5,12.699999809265137,7562,0.0,0.0
2022-04-12 00:00:00-04:00,13.199999809265137,13.255000114440918,11.699999809265137,12.0,12730,0.0,0.0
2022-04-13 00:00:00-04:00,12.0,12.800000190734863,11.899999618530273,12.699999809265137,6193,0.0,0.0
2022-04-14 00:00:00-04:00,12.699999809265137,12.800000190734863,12.100000381469727,12.5,5944,0.0,0.0
2022-04-18 00:00:00-04:00,12.699999809265137,12.800000190734863,11.699999809265137,11.899999618530273,9438,0.0,0.0
2022-04-19 00:00:00-04:00,12.100000381469727,12.5,12.100000381469727,12.399999618530273,9278,0.0,0.0
2022-04-20 00:00:00-04:00,12.300000190734863,12.5,11.5,11.800000190734863,8213,0.0,0.0
2022-04-21 00:00:00-04:00,12.343000411987305,12.343000411987305,11.0,11.100000381469727,3188,0.0,0.0
2022-04-22 00:00:00-04:00,11.0,11.100000381469727,10.399999618530273,10.5,7124,0.0,0.0
2022-04-25 00:00:00-04:00,10.5,11.199999809265137,10.5,11.199999809265137,4794,0.0,0.0
2022-04-26 00:00:00-04:00,11.5,11.71399974822998,10.0,10.100000381469727,14073,0.0,0.0
2022-04-27 00:00:00-04:00,10.300000190734863,10.800000190734863,9.800000190734863,10.600000381469727,9139,0.0,0.0
2022-04-28 00:00:00-04:00,10.600000381469727,11.5,10.300000190734863,11.199999809265137,5488,0.0,0.0
2022-04-29 00:00:00-04:00,10.899999618530273,11.600000381469727,9.506999969482422,9.550000190734863,20624,0.0,0.0
2022-05-02 00:00:00-04:00,10.300000190734863,10.300000190734863,7.849999904632568,8.0,34626,0.0,0.0
2022-05-03 00:00:00-04:00,7.8429999351501465,8.795999526977539,7.599999904632568,8.70199966430664,18665,0.0,0.0
2022-05-04 00:00:00-04:00,8.600000381469727,8.800000190734863,7.925000190734863,8.800000190734863,17767,0.0,0.0
2022-05-05 00:00:00-04:00,8.555999755859375,8.595000267028809,8.102999687194824,8.352999687194824,4415,0.0,0.0
2022-05-06 00:00:00-04:00,8.288999557495117,8.399999618530273,7.000999927520752,7.796999931335449,11694,0.0,0.0
2022-05-09 00:00:00-04:00,7.526000022888184,7.789999961853027,6.300000190734863,6.632999897003174,12339,0.0,0.0
2022-05-10 00:00:00-04:00,6.599999904632568,7.163000106811523,6.400000095367432,6.882999897003174,35695,0.0,0.0
2022-05-11 00:00:00-04:00,7.058000087738037,7.2729997634887695,6.300000190734863,6.324999809265137,7560,0.0,0.0
2022-05-12 00:00:00-04:00,6.521999835968018,7.139999866485596,6.056000232696533,6.686999797821045,7692,0.0,0.0
2022-05-13 00:00:00-04:00,8.100000381469727,8.100000381469727,6.38100004196167,6.767000198364258,19582,0.0,0.0
2022-05-16 00:00:00-04:00,6.800000190734863,7.5,6.300000190734863,6.434000015258789,10101,0.0,0.0
2022-05-17 00:00:00-04:00,6.941999912261963,7.599999904632568,6.502999782562256,7.449999809265137,9617,0.0,0.0
2022-05-18 00:00:00-04:00,8.5,8.5,6.900000095367432,7.176000118255615,12895,0.0,0.0
2022-05-19 00:00:00-04:00,6.960999965667725,7.271999835968018,6.776000022888184,6.910999774932861,6080,0.0,0.0
2022-05-20 00:00:00-04:00,7.3520002365112305,7.3520002365112305,6.860000133514404,6.99399995803833,4060,0.0,0.0
2022-05-23 00:00:00-04:00,7.3379998207092285,7.3379998207092285,6.400000095367432,6.688000202178955,4879,0.0,0.0
2022-05-24 00:00:00-04:00,6.688000202178955,6.688000202178955,5.659999847412109,6.201000213623047,11284,0.0,0.0
2022-05-25 00:00:00-04:00,6.456999778747559,6.456999778747559,5.500999927520752,6.019999980926514,28798,0.0,0.0
2022-05-26 00:00:00-04:00,6.232999801635742,6.686500072479248,5.981500148773193,6.125999927520752,8719,0.0,0.0
2022-05-27 00:00:00-04:00,6.099999904632568,7.5,5.789000034332275,7.199999809265137,9235,0.0,0.0
2022-05-31 00:00:00-04:00,7.199999809265137,7.699999809265137,6.697000026702881,7.26200008392334,21247,0.0,0.0
2022-06-01 00:00:00-04:00,7.585000038146973,7.758999824523926,6.800000190734863,7.099999904632568,15212,0.0,0.0
2022-06-02 00:00:00-04:00,7.5,7.699999809265137,7.105000019073486,7.636000156402588,8932,0.0,0.0
2022-06-03 00:00:00-04:00,7.875,7.875,7.290999889373779,7.798999786376953,2962,0.0,0.0
2022-06-06 00:00:00-04:00,7.800000190734863,7.9730000495910645,7.224999904632568,7.695000171661377,6860,0.0,0.0
2022-06-07 00:00:00-04:00,7.800000190734863,9.5,7.5329999923706055,9.145000457763672,18848,0.0,0.0
2022-06-08 00:00:00-04:00,9.399999618530273,10.5,8.741999626159668,10.300000190734863,9857,0.0,0.0
2022-06-09 00:00:00-04:00,9.418999671936035,9.876999855041504,8.437899589538574,9.258000373840332,4213,0.0,0.0
2022-06-10 00:00:00-04:00,9.41100025177002,9.411999702453613,8.100000381469727,8.170000076293945,3649,0.0,0.0
2022-06-13 00:00:00-04:00,7.605000019073486,7.935999870300293,7.5,7.599999904632568,8240,0.0,0.0
2022-06-14 00:00:00-04:00,7.460000038146973,7.909999847412109,7.416999816894531,7.848999977111816,3417,0.0,0.0
2022-06-15 00:00:00-04:00,7.494999885559082,8.73799991607666,7.413000106811523,8.569000244140625,2516,0.0,0.0
2022-06-16 00:00:00-04:00,7.599999904632568,8.11400032043457,6.901000022888184,7.671999931335449,3132,0.0,0.0
2022-06-17 00:00:00-04:00,7.699999809265137,8.49899959564209,7.699999809265137,7.888000011444092,13432,0.0,0.0
2022-06-21 00:00:00-04:00,7.800000190734863,8.281999588012695,7.699999809265137,8.100000381469727,7128,0.0,0.0
2022-06-22 00:00:00-04:00,8.269000053405762,9.5,8.10099983215332,9.020000457763672,6538,0.0,0.0
2022-06-23 00:00:00-04:00,9.128000259399414,9.128000259399414,7.875,8.21500015258789,7091,0.0,0.0
2022-06-24 00:00:00-04:00,8.40250015258789,9.081999778747559,6.099999904632568,6.099999904632568,61511,0.0,0.0
2022-06-27 00:00:00-04:00,7.0960001945495605,8.675999641418457,6.800000190734863,7.900000095367432,54993,0.0,0.0
2022-06-28 00:00:00-04:00,7.900000095367432,7.900000095367432,7.307000160217285,7.76800012588501,6377,0.0,0.0
2022-06-29 00:00:00-04:00,7.440000057220459,8.0,7.0,7.179999828338623,9362,0.0,0.0
2022-06-30 00:00:00-04:00,7.335999965667725,7.427000045776367,6.84499979019165,7.2789998054504395,5728,0.0,0.0
2022-07-01 00:00:00-04:00,7.5,7.565999984741211,6.949999809265137,7.159999847412109,1802,0.0,0.0
2022-07-05 00:00:00-04:00,7.160999774932861,7.599400043487549,6.599999904632568,7.199999809265137,11350,0.0,0.0
2022-07-06 00:00:00-04:00,7.142000198364258,7.589000225067139,7.099999904632568,7.103000164031982,6568,0.0,0.0
2022-07-07 00:00:00-04:00,7.201000213623047,7.504000186920166,7.099999904632568,7.504000186920166,6899,0.0,0.0
2022-07-08 00:00:00-04:00,7.699999809265137,8.300000190734863,7.504000186920166,8.25100040435791,17388,0.0,0.0
2022-07-11 00:00:00-04:00,8.369000434875488,8.468999862670898,7.800000190734863,8.123000144958496,2755,0.0,0.0
2022-07-12 00:00:00-04:00,8.123000144958496,8.142999649047852,7.800000190734863,8.019000053405762,3651,0.0,0.0
2022-07-13 00:00:00-04:00,8.017999649047852,8.413999557495117,7.699999809265137,7.699999809265137,2906,0.0,0.0
2022-07-14 00:00:00-04:00,7.660999774932861,8.039999961853027,7.47599983215332,8.00100040435791,4823,0.0,0.0
2022-07-15 00:00:00-04:00,7.699999809265137,8.5,7.699999809265137,8.0,4048,0.0,0.0
2022-07-18 00:00:00-04:00,7.400000095367432,7.767000198364258,7.349999904632568,7.550000190734863,4083,0.0,0.0
2022-07-19 00:00:00-04:00,7.635000228881836,8.199999809265137,7.400000095367432,7.951000213623047,4070,0.0,0.0
2022-07-20 00:00:00-04:00,8.09000015258789,8.49899959564209,7.610000133514404,8.399999618530273,2666,0.0,0.0
2022-07-21 00:00:00-04:00,8.743499755859375,9.399999618530273,8.100000381469727,8.222999572753906,5525,0.0,0.0
2022-07-22 00:00:00-04:00,8.097000122070312,8.899999618530273,7.849999904632568,8.699000358581543,3665,0.0,0.0
2022-07-25 00:00:00-04:00,8.640000343322754,8.699000358581543,7.505000114440918,8.243000030517578,3086,0.0,0.0
2022-07-26 00:00:00-04:00,7.61460018157959,8.347000122070312,7.61460018157959,8.25,2359,0.0,0.0
2022-07-27 00:00:00-04:00,8.857999801635742,8.857999801635742,7.900000095367432,8.39799976348877,4072,0.0,0.0
2022-07-28 00:00:00-04:00,8.798999786376953,8.798999786376953,7.888000011444092,8.210000038146973,1464,0.0,0.0
2022-07-29 00:00:00-04:00,8.100000381469727,8.600000381469727,7.599999904632568,7.936999797821045,6698,0.0,0.0
2022-08-01 00:00:00-04:00,7.936999797821045,8.0,7.505000114440918,7.692999839782715,1022,0.0,0.0
2022-08-02 00:00:00-04:00,7.692999839782715,7.927999973297119,7.599999904632568,7.927999973297119,4581,0.0,0.0
2022-08-03 00:00:00-04:00,9.770999908447266,9.800000190734863,8.199999809265137,9.277999877929688,60447,0.0,0.0
2022-08-04 00:00:00-04:00,9.579000473022461,11.800000190734863,9.050999641418457,11.300000190734863,21928,0.0,0.0
2022-08-05 00:00:00-04:00,12.600000381469727,12.600000381469727,10.899999618530273,12.199999809265137,18189,0.0,0.0
2022-08-08 00:00:00-04:00,12.899999618530273,13.0,12.262999534606934,12.600000381469727,13406,0.0,0.0
2022-08-09 00:00:00-04:00,13.0,13.699000358581543,11.100000381469727,11.199999809265137,10333,0.0,0.0
2022-08-10 00:00:00-04:00,11.199999809265137,12.5,11.0,12.300000190734863,7859,0.0,0.0
2022-08-11 00:00:00-04:00,12.899999618530273,12.899999618530273,10.699999809265137,10.800000190734863,11169,0.0,0.0
2022-08-12 00:00:00-04:00,10.5,10.699999809265137,10.0,10.600000381469727,12686,0.0,0.0
2022-08-15 00:00:00-04:00,10.800000190734863,10.800000190734863,9.100000381469727,10.0,9942,0.0,0.0
2022-08-16 00:00:00-04:00,10.0,10.100000381469727,9.300000190734863,9.451000213623047,3848,0.0,0.0
2022-08-17 00:00:00-04:00,9.0,9.736000061035156,8.5,8.949999809265137,5733,0.0,0.0
2022-08-18 00:00:00-04:00,8.680999755859375,10.0,8.199999809265137,9.361000061035156,6225,0.0,0.0
2022-08-19 00:00:00-04:00,9.0,9.409000396728516,8.239999771118164,9.177000045776367,4654,0.0,0.0
2022-08-22 00:00:00-04:00,8.876999855041504,9.819999694824219,7.8460001945495605,8.352999687194824,5959,0.0,0.0
2022-08-23 00:00:00-04:00,8.352999687194824,8.800000190734863,8.090999603271484,8.800000190734863,1008,0.0,0.0
2022-08-24 00:00:00-04:00,8.795000076293945,8.795000076293945,8.199999809265137,8.631999969482422,1785,0.0,0.0
2022-08-25 00:00:00-04:00,8.699999809265137,8.699999809265137,8.0,8.199999809265137,15131,0.0,0.0
2022-08-26 00:00:00-04:00,8.300000190734863,8.800000190734863,8.034000396728516,8.5,2504,0.0,0.0
2022-08-29 00:00:00-04:00,8.600000381469727,8.800000190734863,8.126999855041504,8.199999809265137,3271,0.0,0.0
2022-08-30 00:00:00-04:00,8.609999656677246,8.800000190734863,7.0,7.801000118255615,7909,0.0,0.0
2022-08-31 00:00:00-04:00,7.900000095367432,10.5,7.53000020980835,9.0,107760,0.0,0.0
2022-09-01 00:00:00-04:00,9.041000366210938,9.041000366210938,7.5,8.682000160217285,15682,0.0,0.0
2022-09-02 00:00:00-04:00,9.065999984741211,9.199999809265137,8.0,8.901000022888184,4724,0.0,0.0
2022-09-06 00:00:00-04:00,9.0,9.199999809265137,8.17199993133545,8.600000381469727,8781,0.0,0.0
2022-09-07 00:00:00-04:00,8.656999588012695,9.100000381469727,8.300999641418457,8.899999618530273,4392,0.0,0.0
2022-09-08 00:00:00-04:00,9.628000259399414,9.628000259399414,8.680000305175781,9.399999618530273,6236,0.0,0.0
2022-09-09 00:00:00-04:00,9.182000160217285,10.899999618530273,9.182000160217285,10.399999618530273,31792,0.0,0.0
2022-09-12 00:00:00-04:00,10.600000381469727,10.600000381469727,9.857999801635742,10.300000190734863,4749,0.0,0.0
2022-09-13 00:00:00-04:00,10.100000381469727,10.399999618530273,9.380999565124512,10.300000190734863,8761,0.0,0.0
2022-09-14 00:00:00-04:00,9.300000190734863,10.5,9.300000190734863,10.300000190734863,2614,0.0,0.0
2022-09-15 00:00:00-04:00,10.399999618530273,11.5,10.0,10.5,18532,0.0,0.0
2022-09-16 00:00:00-04:00,10.199999809265137,10.298999786376953,8.800999641418457,8.980999946594238,14222,0.0,0.0
2022-09-19 00:00:00-04:00,9.100000381469727,9.649999618530273,8.5,8.767000198364258,5212,0.0,0.0
2022-09-20 00:00:00-04:00,9.199000358581543,9.199000358581543,8.182999610900879,8.182999610900879,2627,0.0,0.0
2022-09-21 00:00:00-04:00,7.900000095367432,8.99899959564209,7.699999809265137,7.900000095367432,9423,0.0,0.0
2022-09-22 00:00:00-04:00,7.598999977111816,7.598999977111816,7.0,7.301000118255615,10175,0.0,0.0
2022-09-23 00:00:00-04:00,7.2820000648498535,7.2820000648498535,6.599999904632568,6.732999801635742,53798,0.0,0.0
2022-09-26 00:00:00-04:00,6.732999801635742,7.0,6.5,6.563000202178955,4316,0.0,0.0
2022-09-27 00:00:00-04:00,6.300000190734863,6.699999809265137,6.300000190734863,6.368000030517578,3951,0.0,0.0
2022-09-28 00:00:00-04:00,6.300000190734863,6.5,6.199999809265137,6.301000118255615,10576,0.0,0.0
2022-09-29 00:00:00-04:00,6.301000118255615,6.400000095367432,6.201000213623047,6.251999855041504,2971,0.0,0.0
2022-09-30 00:00:00-04:00,6.400000095367432,6.646999835968018,6.099999904632568,6.5,8146,0.0,0.0
2022-10-03 00:00:00-04:00,6.300000190734863,6.300000190734863,5.599999904632568,6.0970001220703125,9329,0.0,0.0
2022-10-04 00:00:00-04:00,5.997000217437744,6.5,5.900000095367432,6.269999980926514,40472,0.0,0.0
2022-10-05 00:00:00-04:00,6.0,7.298999786376953,6.0,7.0,2870,0.0,0.0
2022-10-06 00:00:00-04:00,7.300000190734863,7.300000190734863,6.767000198364258,6.949999809265137,2131,0.0,0.0
2022-10-07 00:00:00-04:00,7.0,7.024400234222412,6.099999904632568,6.494999885559082,2889,0.0,0.0
2022-10-10 00:00:00-04:00,6.949999809265137,6.98799991607666,6.158999919891357,6.300000190734863,934,0.0,0.0
2022-10-11 00:00:00-04:00,6.099999904632568,6.979000091552734,6.0,6.131999969482422,4776,0.0,0.0
2022-10-12 00:00:00-04:00,6.199999809265137,6.699999809265137,6.0,6.699999809265137,1857,0.0,0.0
2022-10-13 00:00:00-04:00,6.699999809265137,6.699999809265137,6.400000095367432,6.449999809265137,938,0.0,0.0
2022-10-14 00:00:00-04:00,6.199999809265137,6.699999809265137,6.0,6.5,190,0.0,0.0
2022-10-17 00:00:00-04:00,6.5,7.570000171661377,6.099999904632568,6.199999809265137,3026,0.0,0.0
2022-10-18 00:00:00-04:00,7.099999904632568,7.099999904632568,5.835000038146973,6.151000022888184,5480,0.0,0.0
2022-10-19 00:00:00-04:00,6.0,7.019999980926514,5.199999809265137,5.800000190734863,8476,0.0,0.0
2022-10-20 00:00:00-04:00,6.0,6.000999927520752,4.510000228881836,4.5879998207092285,25962,0.0,0.0
2022-10-21 00:00:00-04:00,4.5,4.534999847412109,3.9010000228881836,4.199999809265137,28219,0.0,0.0
2022-10-24 00:00:00-04:00,4.39900016784668,4.39900016784668,3.819999933242798,3.822000026702881,15671,0.0,0.0
2022-10-25 00:00:00-04:00,3.822000026702881,4.099999904632568,3.760999917984009,3.799999952316284,10895,0.0,0.0
2022-10-26 00:00:00-04:00,3.700000047683716,3.9000000953674316,3.502000093460083,3.5759999752044678,21332,0.0,0.0
2022-10-27 00:00:00-04:00,3.799999952316284,3.799999952316284,3.0999999046325684,3.450000047683716,84721,0.0,0.0
2022-10-28 00:00:00-04:00,3.3459999561309814,3.490999937057495,3.3410000801086426,3.486999988555908,16462,0.0,0.0
2022-10-31 00:00:00-04:00,3.5999999046325684,3.5999999046325684,3.2309999465942383,3.38100004196167,28111,0.0,0.0
2022-11-01 00:00:00-04:00,3.450000047683716,3.450000047683716,3.0,3.1989998817443848,245494,0.0,0.0
2022-11-02 00:00:00-04:00,3.0999999046325684,3.549999952316284,3.0,3.315000057220459,452331,0.0,0.0
2022-11-03 00:00:00-04:00,3.5820000171661377,3.825000047683716,3.1449999809265137,3.6740000247955322,59438,0.0,0.0
2022-11-04 00:00:00-04:00,4.0,4.0,3.0190000534057617,3.1589999198913574,51252,0.0,0.0
2022-11-07 00:00:00-05:00,3.1700000762939453,3.180000066757202,2.5,2.569999933242798,58513,0.0,0.0
2022-11-08 00:00:00-05:00,2.799999952316284,2.799999952316284,2.200000047683716,2.424999952316284,34741,0.0,0.0
2022-11-09 00:00:00-05:00,2.4489998817443848,2.4600000381469727,2.2009999752044678,2.299999952316284,20257,0.0,0.0
2022-11-10 00:00:00-05:00,2.305000066757202,2.749000072479248,2.140000104904175,2.700000047683716,31515,0.0,0.0
2022-11-11 00:00:00-05:00,2.9000000953674316,2.9000000953674316,2.299999952316284,2.694000005722046,29870,0.0,0.0
2022-11-14 00:00:00-05:00,2.61299991607666,2.799999952316284,2.5,2.500999927520752,8600,0.0,0.0
2022-11-15 00:00:00-05:00,2.6505000591278076,2.8299999237060547,2.578000068664551,2.799999952316284,13123,0.0,0.0
2022-11-16 00:00:00-05:00,2.7100000381469727,2.9000000953674316,2.7100000381469727,2.8499999046325684,5623,0.0,0.0
2022-11-17 00:00:00-05:00,2.9000000953674316,2.9000000953674316,2.700000047683716,2.7290000915527344,16071,0.0,0.0
2022-11-18 00:00:00-05:00,2.61899995803833,2.9000000953674316,2.1619999408721924,2.4000000953674316,32284,0.0,0.0
2022-11-21 00:00:00-05:00,2.5869998931884766,2.5869998931884766,2.309999942779541,2.4000000953674316,4013,0.0,0.0
2022-11-22 00:00:00-05:00,2.5320000648498535,2.5399999618530273,2.2309999465942383,2.299999952316284,16055,0.0,0.0
2022-11-23 00:00:00-05:00,2.200000047683716,2.5399999618530273,2.200000047683716,2.4519999027252197,12165,0.0,0.0
2022-11-25 00:00:00-05:00,2.5399999618530273,2.5399999618530273,2.200000047683716,2.4700000286102295,15511,0.0,0.0
2022-11-28 00:00:00-05:00,2.5,2.5,2.25,2.3910000324249268,84420,0.0,0.0
2022-11-29 00:00:00-05:00,2.3010001182556152,2.5999999046325684,2.259999990463257,2.303999900817871,15430,0.0,0.0
2022-11-30 00:00:00-05:00,2.3399999141693115,2.4170000553131104,2.1110000610351562,2.1500000953674316,53650,0.0,0.0
2022-12-01 00:00:00-05:00,2.365999937057495,2.4100000858306885,2.132999897003174,2.4089999198913574,23116,0.0,0.0
2022-12-02 00:00:00-05:00,2.430000066757202,2.4600000381469727,2.2809998989105225,2.4600000381469727,16502,0.0,0.0
2022-12-05 00:00:00-05:00,2.5,2.5499000549316406,2.2300000190734863,2.299999952316284,16119,0.0,0.0
2022-12-06 00:00:00-05:00,2.382999897003174,2.382999897003174,2.174999952316284,2.296999931335449,7757,0.0,0.0
2022-12-07 00:00:00-05:00,2.2339999675750732,2.3459999561309814,2.180000066757202,2.256999969482422,13517,0.0,0.0
2022-12-08 00:00:00-05:00,2.4000000953674316,2.4000000953674316,2.180000066757202,2.309999942779541,15346,0.0,0.0
2022-12-09 00:00:00-05:00,2.299999952316284,2.700000047683716,2.2009999752044678,2.6640000343322754,39558,0.0,0.0
2022-12-12 00:00:00-05:00,2.950000047683716,3.0,2.5999999046325684,2.9000000953674316,35121,0.0,0.0
2022-12-13 00:00:00-05:00,2.9000000953674316,3.380000114440918,2.700000047683716,3.2899999618530273,41395,0.0,0.0
2022-12-14 00:00:00-05:00,3.2739999294281006,3.5,2.8510000705718994,2.947999954223633,67328,0.0,0.0
2022-12-15 00:00:00-05:00,3.0399999618530273,4.699999809265137,3.0,3.8459999561309814,202510,0.0,0.0
2022-12-16 00:00:00-05:00,3.940000057220459,4.400000095367432,2.63700008392334,2.63700008392334,214704,0.0,0.0
2022-12-19 00:00:00-05:00,3.7249999046325684,4.690000057220459,3.0350000858306885,4.122000217437744,390034,0.0,0.0
2022-12-20 00:00:00-05:00,4.198999881744385,5.800000190734863,3.5999999046325684,4.308000087738037,258639,0.0,0.0
2022-12-21 00:00:00-05:00,4.5,4.670000076293945,4.150000095367432,4.300000190734863,60487,0.0,0.0
2022-12-22 00:00:00-05:00,4.199999809265137,4.5,3.7130000591278076,3.9600000381469727,67699,0.0,0.0
2022-12-23 00:00:00-05:00,3.8410000801086426,4.7870001792907715,3.799999952316284,4.104000091552734,57740,0.0,0.0
2022-12-27 00:00:00-05:00,4.199999809265137,4.307000160217285,3.7960000038146973,4.224999904632568,39789,0.0,0.0
2022-12-28 00:00:00-05:00,4.199999809265137,4.650000095367432,4.077000141143799,4.551000118255615,50204,0.0,0.0
2022-12-29 00:00:00-05:00,4.400000095367432,5.199999809265137,4.322000026702881,5.099999904632568,84450,0.0,0.0
2022-12-30 00:00:00-05:00,5.900000095367432,5.900000095367432,4.5,5.000999927520752,84367,0.0,0.0
2023-01-03 00:00:00-05:00,4.85099983215332,5.599999904632568,4.810999870300293,5.357999801635742,24735,0.0,0.0
2023-01-04 00:00:00-05:00,5.5,5.5,5.114999771118164,5.5,14814,0.0,0.0
2023-01-05 00:00:00-05:00,5.956999778747559,6.199999809265137,4.801000118255615,5.425000190734863,243427,0.0,0.0
2023-01-06 00:00:00-05:00,5.15500020980835,5.177299976348877,3.617000102996826,4.050000190734863,134388,0.0,0.0
2023-01-09 00:00:00-05:00,4.065000057220459,4.349999904632568,3.609999895095825,3.8940000534057617,59616,0.0,0.0
2023-01-10 00:00:00-05:00,4.026000022888184,4.389999866485596,3.9000000953674316,4.0,82223,0.0,0.0
2023-01-11 00:00:00-05:00,4.150000095367432,4.934999942779541,4.150000095367432,4.46999979019165,332057,0.0,0.0
2023-01-12 00:00:00-05:00,4.199999809265137,4.460000038146973,3.9000000953674316,4.204999923706055,94439,0.0,0.0
2023-01-13 00:00:00-05:00,4.034999847412109,4.1579999923706055,3.809999942779541,4.070000171661377,82591,0.0,0.0
2023-01-17 00:00:00-05:00,4.199999809265137,4.199999809265137,3.9210000038146973,4.0,41788,0.0,0.0
2023-01-18 00:00:00-05:00,3.799999952316284,4.199999809265137,3.799999952316284,4.179999828338623,31094,0.0,0.0
2023-01-19 00:00:00-05:00,4.199999809265137,4.199999809265137,3.9000000953674316,4.0,17546,0.0,0.0
2023-01-20 00:00:00-05:00,4.199999809265137,4.445000171661377,3.9000000953674316,4.429999828338623,40312,0.0,0.0
2023-01-23 00:00:00-05:00,4.179999828338623,4.499000072479248,4.179999828338623,4.497000217437744,25375,0.0,0.0
2023-01-24 00:00:00-05:00,4.361999988555908,4.366199970245361,4.0920000076293945,4.13700008392334,13543,0.0,0.0
2023-01-25 00:00:00-05:00,4.199999809265137,4.291999816894531,4.0,4.178999900817871,20107,0.0,0.0
2023-01-26 00:00:00-05:00,4.300000190734863,4.349999904632568,4.182000160217285,4.349999904632568,12616,0.0,0.0
2023-01-27 00:00:00-05:00,4.400000095367432,4.449999809265137,4.199999809265137,4.317999839782715,14092,0.0,0.0
2023-01-30 00:00:00-05:00,4.300000190734863,4.304500102996826,4.085999965667725,4.111999988555908,5478,0.0,0.0
2023-01-31 00:00:00-05:00,4.480000019073486,4.480000019073486,4.146999835968018,4.210999965667725,10617,0.0,0.0
2023-02-01 00:00:00-05:00,4.170000076293945,4.400000095367432,4.151000022888184,4.3420000076293945,9554,0.0,0.0
2023-02-02 00:00:00-05:00,4.114999771118164,4.448999881744385,4.114999771118164,4.400000095367432,38617,0.0,0.0
2023-02-03 00:00:00-05:00,4.300000190734863,4.316999912261963,4.047999858856201,4.099999904632568,28221,0.0,0.0
2023-02-06 00:00:00-05:00,3.989000082015991,4.199999809265137,3.7100000381469727,3.8940000534057617,20842,0.0,0.0
2023-02-07 00:00:00-05:00,3.9000000953674316,4.072999954223633,3.7100000381469727,3.865999937057495,7042,0.0,0.0
2023-02-08 00:00:00-05:00,3.987600088119507,3.987600088119507,3.7850000858306885,3.8540000915527344,6107,0.0,0.0
2023-02-09 00:00:00-05:00,3.9579999446868896,3.9579999446868896,3.509999990463257,3.7209999561309814,20634,0.0,0.0
2023-02-10 00:00:00-05:00,3.868000030517578,3.950000047683716,3.802000045776367,3.811000108718872,2792,0.0,0.0
2023-02-13 00:00:00-05:00,3.6110000610351562,3.9000000953674316,3.5380001068115234,3.710700035095215,6047,0.0,0.0
2023-02-14 00:00:00-05:00,3.5,3.8010001182556152,3.5,3.680999994277954,5799,0.0,0.0
2023-02-15 00:00:00-05:00,3.8499999046325684,3.8499999046325684,3.5,3.8480000495910645,7192,0.0,0.0
2023-02-16 00:00:00-05:00,3.8480000495910645,3.8499999046325684,3.674999952316284,3.7899999618530273,5980,0.0,0.0
2023-02-17 00:00:00-05:00,3.8489999771118164,3.8489999771118164,3.5999999046325684,3.7939999103546143,6260,0.0,0.0
2023-02-21 00:00:00-05:00,3.5950000286102295,3.999000072479248,3.5940001010894775,3.880000114440918,7617,0.0,0.0
2023-02-22 00:00:00-05:00,3.989000082015991,4.099999904632568,3.7679998874664307,3.7980000972747803,4855,0.0,0.0
2023-02-23 00:00:00-05:00,4.0,4.0,3.617500066757202,3.700000047683716,8102,0.0,0.0
2023-02-24 00:00:00-05:00,3.509999990463257,3.757999897003174,3.316999912261963,3.5999999046325684,16113,0.0,0.0
2023-02-27 00:00:00-05:00,3.5799999237060547,3.880000114440918,3.4000000953674316,3.799999952316284,15250,0.0,0.0
2023-02-28 00:00:00-05:00,3.7980000972747803,3.8299999237060547,3.694999933242798,3.7009999752044678,249060,0.0,0.0
2023-03-01 00:00:00-05:00,3.691999912261963,3.799999952316284,3.299999952316284,3.6589999198913574,92737,0.0,0.0
2023-03-02 00:00:00-05:00,3.450000047683716,4.099999904632568,3.4000000953674316,3.802999973297119,52531,0.0,0.0
2023-03-03 00:00:00-05:00,3.700000047683716,3.802999973297119,3.5,3.747999906539917,22439,0.0,0.0
2023-03-06 00:00:00-05:00,3.5899999141693115,3.6989998817443848,3.3389999866485596,3.4240000247955322,22765,0.0,0.0
2023-03-07 00:00:00-05:00,3.5999999046325684,3.5999999046325684,2.9010000228881836,3.1019999980926514,32072,0.0,0.0
2023-03-08 00:00:00-05:00,3.009000062942505,4.0,2.9000000953674316,3.799999952316284,165900,0.0,0.0
2023-03-09 00:00:00-05:00,3.4800000190734863,3.4800000190734863,3.255000114440918,3.265000104904175,25629,0.0,0.0
2023-03-10 00:00:00-05:00,3.1670000553131104,3.2279999256134033,2.7039999961853027,2.7899999618530273,28192,0.0,0.0
2023-03-13 00:00:00-04:00,2.7899999618530273,2.7899999618530273,2.380000114440918,2.6110000610351562,105385,0.0,0.0
2023-03-14 00:00:00-04:00,2.569999933242798,2.880000114440918,2.440000057220459,2.6700000762939453,13133,0.0,0.0
2023-03-15 00:00:00-04:00,2.700000047683716,2.7990000247955322,2.4000000953674316,2.559999942779541,13594,0.0,0.0
2023-03-16 00:00:00-04:00,2.4800000190734863,2.696000099182129,2.450000047683716,2.6649999618530273,6104,0.0,0.0
2023-03-17 00:00:00-04:00,2.6649999618530273,2.690000057220459,2.424999952316284,2.5820000171661377,8589,0.0,0.0
2023-03-20 00:00:00-04:00,2.680000066757202,2.680000066757202,2.500999927520752,2.5820000171661377,17662,0.0,0.0
2023-03-21 00:00:00-04:00,2.3299999237060547,2.740000009536743,2.328000068664551,2.5999999046325684,18387,0.0,0.0
2023-03-22 00:00:00-04:00,2.5409998893737793,3.059999942779541,2.5409998893737793,2.9600000381469727,12069,0.0,0.0
2023-03-23 00:00:00-04:00,2.5220000743865967,2.940000057220459,2.5,2.5969998836517334,18159,0.0,0.0
2023-03-24 00:00:00-04:00,2.434000015258789,2.7699999809265137,2.434000015258789,2.6500000953674316,4055,0.0,0.0
2023-03-27 00:00:00-04:00,2.6760001182556152,2.799999952316284,2.434999942779541,2.7799999713897705,1092,0.0,0.0
2023-03-28 00:00:00-04:00,2.5999999046325684,2.799999952316284,2.5490000247955322,2.7230000495910645,5965,0.0,0.0
2023-03-29 00:00:00-04:00,2.7730000019073486,2.940000057220459,2.63100004196167,2.802999973297119,4941,0.0,0.0
2023-03-30 00:00:00-04:00,2.799999952316284,2.799999952316284,2.799999952316284,2.799999952316284,1830,0.0,0.0
2023-03-31 00:00:00-04:00,2.799999952316284,2.9800000190734863,2.750499963760376,2.9800000190734863,18676,0.0,0.0
2023-04-03 00:00:00-04:00,2.9730000495910645,2.9730000495910645,2.7100000381469727,2.8389999866485596,8806,0.0,0.0
2023-04-04 00:00:00-04:00,2.938999891281128,2.940000057220459,2.7209999561309814,2.8299999237060547,2169,0.0,0.0
2023-04-05 00:00:00-04:00,2.6670000553131104,2.940000057220459,2.6670000553131104,2.9000000953674316,1193,0.0,0.0
2023-04-06 00:00:00-04:00,2.8510000705718994,2.9700000286102295,2.8010001182556152,2.8929998874664307,6035,0.0,0.0
2023-04-10 00:00:00-04:00,2.8450000286102295,2.890000104904175,2.8010001182556152,2.890000104904175,1790,0.0,0.0
2023-04-11 00:00:00-04:00,2.890000104904175,2.890000104904175,2.802000045776367,2.890000104904175,4039,0.0,0.0
2023-04-12 00:00:00-04:00,2.700000047683716,2.9000000953674316,2.5999999046325684,2.799999952316284,7672,0.0,0.0
2023-04-13 00:00:00-04:00,2.6389999389648438,2.9040000438690186,2.6389999389648438,2.7109999656677246,10736,0.0,0.0
2023-04-14 00:00:00-04:00,2.8459999561309814,3.0,2.7109999656677246,2.8989999294281006,6595,0.0,0.0
2023-04-17 00:00:00-04:00,2.8989999294281006,3.1610000133514404,2.7750000953674316,2.9110000133514404,31261,0.0,0.0
2023-04-18 00:00:00-04:00,2.950000047683716,3.25,2.950000047683716,3.003999948501587,7519,0.0,0.0
2023-04-19 00:00:00-04:00,3.000999927520752,3.200000047683716,3.000999927520752,3.002000093460083,12076,0.0,0.0
2023-04-20 00:00:00-04:00,3.0399999618530273,3.0980000495910645,3.0,3.0244998931884766,835,0.0,0.0
2023-04-21 00:00:00-04:00,2.9000000953674316,3.0260000228881836,2.799999952316284,3.0260000228881836,5098,0.0,0.0
2023-04-24 00:00:00-04:00,2.9800000190734863,3.0,2.799999952316284,2.811000108718872,1308,0.0,0.0
2023-04-25 00:00:00-04:00,2.9000000953674316,2.999000072479248,2.8010001182556152,2.9000000953674316,6043,0.0,0.0
2023-04-26 00:00:00-04:00,2.9000000953674316,3.0,2.802000045776367,3.0,3347,0.0,0.0
2023-04-27 00:00:00-04:00,2.9719998836517334,2.999000072479248,2.799999952316284,2.8010001182556152,2520,0.0,0.0
2023-04-28 00:00:00-04:00,2.808000087738037,2.8989999294281006,2.789099931716919,2.811000108718872,2457,0.0,0.0
2023-05-01 00:00:00-04:00,2.811000108718872,2.9800000190734863,2.61899995803833,2.9000000953674316,1808,0.0,0.0
2023-05-02 00:00:00-04:00,2.7269999980926514,2.9800000190734863,2.5999999046325684,2.75,1477,0.0,0.0
2023-05-03 00:00:00-04:00,2.8980000019073486,2.9800000190734863,2.8980000019073486,2.9000000953674316,2159,0.0,0.0
2023-05-04 00:00:00-04:00,2.944000005722046,2.9800000190734863,2.7200000286102295,2.9000000953674316,3579,0.0,0.0
2023-05-05 00:00:00-04:00,2.9000000953674316,2.9000000953674316,2.7200000286102295,2.8982999324798584,2997,0.0,0.0
2023-05-08 00:00:00-04:00,2.5999999046325684,2.890000104904175,2.5999999046325684,2.799999952316284,5232,0.0,0.0
2023-05-09 00:00:00-04:00,3.0,3.0,2.800100088119507,2.8519999980926514,1361,0.0,0.0
2023-05-10 00:00:00-04:00,2.799999952316284,2.990000009536743,2.7330000400543213,2.990000009536743,4101,0.0,0.0
2023-05-11 00:00:00-04:00,3.0,3.0,2.700000047683716,2.947000026702881,4758,0.0,0.0
2023-05-12 00:00:00-04:00,2.809999942779541,3.299999952316284,2.7119998931884766,2.9769999980926514,19016,0.0,0.0
2023-05-15 00:00:00-04:00,2.888000011444092,3.0789999961853027,2.749000072479248,2.990000009536743,2493,0.0,0.0
2023-05-16 00:00:00-04:00,2.990000009536743,3.0999999046325684,2.799999952316284,2.9047999382019043,6959,0.0,0.0
2023-05-17 00:00:00-04:00,2.9000000953674316,3.000999927520752,2.8010001182556152,3.0,3048,0.0,0.0
2023-05-18 00:00:00-04:00,3.0,3.0,2.9019999504089355,2.950000047683716,2749,0.0,0.0
2023-05-19 00:00:00-04:00,2.799999952316284,3.0,2.799999952316284,2.9760000705718994,4328,0.0,0.0
2023-05-22 00:00:00-04:00,2.9000000953674316,3.0309998989105225,2.9000000953674316,3.0309998989105225,4497,0.0,0.0
2023-05-23 00:00:00-04:00,3.0309998989105225,3.4700000286102295,3.0309998989105225,3.2899999618530273,3909,0.0,0.0
2023-05-24 00:00:00-04:00,3.4000000953674316,3.4000000953674316,3.00600004196167,3.299999952316284,6571,0.0,0.0
2023-05-25 00:00:00-04:00,3.299999952316284,3.390000104904175,3.1010000705718994,3.1010000705718994,19383,0.0,0.0
2023-05-26 00:00:00-04:00,3.359999895095825,3.450000047683716,2.7100000381469727,2.890000104904175,322488,0.0,0.0
2023-05-30 00:00:00-04:00,2.990000009536743,3.180000066757202,2.9000000953674316,3.0199999809265137,45003,0.0,0.0
2023-05-31 00:00:00-04:00,3.069999933242798,3.0878000259399414,2.75,2.759999990463257,43900,0.0,0.0
2023-06-01 00:00:00-04:00,2.8499999046325684,2.9700000286102295,2.5,2.75,84859,0.0,0.0
2023-06-02 00:00:00-04:00,2.759999990463257,2.9200000762939453,2.559999942779541,2.9149999618530273,50604,0.0,0.0
2023-06-05 00:00:00-04:00,2.950000047683716,3.3499999046325684,2.7699999809265137,3.2809998989105225,48455,0.0,0.0
2023-06-06 00:00:00-04:00,3.0899999141693115,3.630000114440918,3.0899999141693115,3.5260000228881836,54497,0.0,0.0
2023-06-07 00:00:00-04:00,3.5,3.6500000953674316,3.380000114440918,3.5360000133514404,34217,0.0,0.0
2023-06-08 00:00:00-04:00,3.5899999141693115,3.75,3.5,3.740000009536743,21660,0.0,0.0
2023-06-09 00:00:00-04:00,3.7200000286102295,4.199999809265137,3.4800000190734863,4.066100120544434,85596,0.0,0.0
2023-06-12 00:00:00-04:00,4.170000076293945,4.209000110626221,3.6700000762939453,3.859999895095825,67110,0.0,0.0
2023-06-13 00:00:00-04:00,3.869999885559082,3.990000009536743,3.799999952316284,3.8499999046325684,18746,0.0,0.0
2023-06-14 00:00:00-04:00,3.759999990463257,4.099999904632568,3.6700000762939453,3.9100000858306885,44451,0.0,0.0
2023-06-15 00:00:00-04:00,3.9000000953674316,4.021999835968018,3.799999952316284,3.799999952316284,10876,0.0,0.0
2023-06-16 00:00:00-04:00,3.79010009765625,3.940000057220459,3.7899999618530273,3.940000057220459,9241,0.0,0.0
2023-06-20 00:00:00-04:00,3.869999885559082,4.020999908447266,3.680999994277954,3.8299999237060547,19007,0.0,0.0
2023-06-21 00:00:00-04:00,3.922800064086914,3.922800064086914,3.552000045776367,3.559999942779541,8429,0.0,0.0
2023-06-22 00:00:00-04:00,3.630000114440918,3.700000047683716,3.4200000762939453,3.4549999237060547,6474,0.0,0.0
2023-06-23 00:00:00-04:00,3.6275999546051025,3.8698999881744385,3.390000104904175,3.390000104904175,12785,0.0,0.0
2023-06-26 00:00:00-04:00,3.305000066757202,3.396899938583374,3.200000047683716,3.2200000286102295,5143,0.0,0.0
2023-06-27 00:00:00-04:00,3.4100000858306885,3.759999990463257,3.3299999237060547,3.4449000358581543,15234,0.0,0.0
2023-06-28 00:00:00-04:00,3.609999895095825,3.8152999877929688,3.559999942779541,3.559999942779541,2874,0.0,0.0
2023-06-29 00:00:00-04:00,3.80649995803833,4.189899921417236,3.7300000190734863,4.0,22361,0.0,0.0
2023-06-30 00:00:00-04:00,3.880199909210205,4.207300186157227,3.880199909210205,4.207300186157227,22656,0.0,0.0
2023-07-03 00:00:00-04:00,4.210000038146973,4.210000038146973,3.9600000381469727,4.199999809265137,8174,0.0,0.0
2023-07-05 00:00:00-04:00,4.40500020980835,4.489999771118164,4.099999904632568,4.099999904632568,212003,0.0,0.0
2023-07-06 00:00:00-04:00,4.059999942779541,4.281400203704834,3.7950000762939453,4.010000228881836,5782,0.0,0.0
2023-07-07 00:00:00-04:00,3.911400079727173,4.28000020980835,3.8826000690460205,4.070000171661377,1424,0.0,0.0
2023-07-10 00:00:00-04:00,4.167300224304199,4.188000202178955,4.050000190734863,4.059999942779541,8250,0.0,0.0
2023-07-11 00:00:00-04:00,4.25,4.292399883270264,3.859999895095825,4.090000152587891,16477,0.0,0.0
2023-07-12 00:00:00-04:00,4.090000152587891,4.28000020980835,3.9300999641418457,4.21999979019165,8697,0.0,0.0
2023-07-13 00:00:00-04:00,4.199999809265137,4.199999809265137,3.9100000858306885,3.9200000762939453,7550,0.0,0.0
2023-07-14 00:00:00-04:00,3.9000000953674316,4.079999923706055,3.809999942779541,4.079999923706055,12000,0.0,0.0
2023-07-17 00:00:00-04:00,4.03000020980835,4.099999904632568,3.8059000968933105,4.0,6796,0.0,0.0
2023-07-18 00:00:00-04:00,3.9000000953674316,4.210000038146973,3.9000000953674316,4.210000038146973,9354,0.0,0.0
2023-07-19 00:00:00-04:00,4.210000038146973,4.295000076293945,4.050000190734863,4.295000076293945,2946,0.0,0.0
2023-07-20 00:00:00-04:00,4.28000020980835,4.349999904632568,4.020400047302246,4.320000171661377,3959,0.0,0.0
2023-07-21 00:00:00-04:00,4.230000019073486,4.329999923706055,4.0,4.119999885559082,16500,0.0,0.0
2023-07-24 00:00:00-04:00,4.170000076293945,4.28000020980835,3.940000057220459,4.019999980926514,16653,0.0,0.0
2023-07-25 00:00:00-04:00,4.019999980926514,4.019999980926514,4.019999980926514,4.019999980926514,477,0.0,0.0
2023-07-26 00:00:00-04:00,4.099999904632568,4.190000057220459,4.099999904632568,4.190000057220459,645,0.0,0.0
2023-07-27 00:00:00-04:00,4.0,4.190000057220459,4.0,4.0,6517,0.0,0.0
2023-07-28 00:00:00-04:00,3.9999001026153564,4.25,3.990000009536743,4.050000190734863,7882,0.0,0.0
2023-07-31 00:00:00-04:00,4.019999980926514,4.02370023727417,3.9000000953674316,4.0,7978,0.0,0.0
2023-08-01 00:00:00-04:00,4.033100128173828,4.033100128173828,3.8350000381469727,3.9000000953674316,10424,0.0,0.0
2023-08-02 00:00:00-04:00,3.880000114440918,4.049900054931641,3.700000047683716,4.049900054931641,3124,0.0,0.0
2023-08-03 00:00:00-04:00,4.019899845123291,4.019899845123291,3.9800000190734863,3.9800000190734863,6550,0.0,0.0
2023-08-04 00:00:00-04:00,3.9700000286102295,4.300000190734863,3.950000047683716,3.9800000190734863,7866,0.0,0.0
2023-08-07 00:00:00-04:00,3.940000057220459,4.309999942779541,3.940000057220459,4.190000057220459,9889,0.0,0.0
2023-08-08 00:00:00-04:00,3.9335999488830566,4.3155999183654785,3.9335999488830566,4.0,6502,0.0,0.0
2023-08-09 00:00:00-04:00,4.0,4.420899868011475,4.0,4.099999904632568,13126,0.0,0.0
2023-08-10 00:00:00-04:00,4.010000228881836,4.343500137329102,3.940000057220459,4.050000190734863,15630,0.0,0.0
2023-08-11 00:00:00-04:00,4.099999904632568,4.446100234985352,3.9049999713897705,3.9700000286102295,7906,0.0,0.0
2023-08-14 00:00:00-04:00,4.019999980926514,4.150000095367432,3.9100000858306885,3.9200000762939453,11980,0.0,0.0
2023-08-15 00:00:00-04:00,3.9700000286102295,4.179999828338623,3.880000114440918,3.930000066757202,4055,0.0,0.0
2023-08-16 00:00:00-04:00,3.930000066757202,3.930000066757202,3.930000066757202,3.930000066757202,0,0.0,0.0
2023-08-17 00:00:00-04:00,3.890000104904175,4.230000019073486,3.880000114440918,3.880000114440918,16162,0.0,0.0
2023-08-18 00:00:00-04:00,3.819999933242798,4.110000133514404,3.7100000381469727,3.9800000190734863,9035,0.0,0.0
2023-08-21 00:00:00-04:00,3.755000114440918,3.890000104904175,3.740000009536743,3.8099000453948975,3241,0.0,0.0
2023-08-22 00:00:00-04:00,3.7799999713897705,3.799999952316284,3.754300117492676,3.759999990463257,3744,0.0,0.0
2023-08-23 00:00:00-04:00,3.680000066757202,3.891900062561035,3.5,3.7100000381469727,9736,0.0,0.0
2023-08-24 00:00:00-04:00,3.8299999237060547,3.8299999237060547,3.5000998973846436,3.640500068664551,6253,0.0,0.0
2023-08-25 00:00:00-04:00,3.755000114440918,4.119999885559082,3.7100000381469727,3.7100000381469727,1253,0.0,0.0
2023-08-28 00:00:00-04:00,3.690000057220459,3.877500057220459,3.299999952316284,3.299999952316284,2793,0.0,0.0
2023-08-29 00:00:00-04:00,3.5,3.8399999141693115,3.5,3.75,4716,0.0,0.0
2023-08-30 00:00:00-04:00,3.7899999618530273,3.7899999618530273,3.7899999618530273,3.7899999618530273,729,0.0,0.0
2023-08-31 00:00:00-04:00,3.609999895095825,3.690000057220459,3.609999895095825,3.609999895095825,6987,0.0,0.0
2023-09-01 00:00:00-04:00,3.299999952316284,3.8299999237060547,3.299999952316284,3.8299999237060547,3637,0.0,0.0
2023-09-05 00:00:00-04:00,3.750499963760376,3.8299999237060547,3.530100107192993,3.6891000270843506,2601,0.0,0.0
2023-09-06 00:00:00-04:00,3.699899911880493,3.700000047683716,3.510499954223633,3.517699956893921,9362,0.0,0.0
2023-09-07 00:00:00-04:00,3.5999999046325684,3.8299999237060547,3.5143001079559326,3.6438000202178955,1366,0.0,0.0
2023-09-08 00:00:00-04:00,3.565000057220459,3.8299999237060547,3.565000057220459,3.8299999237060547,494,0.0,0.0
2023-09-11 00:00:00-04:00,3.630000114440918,3.630000114440918,3.630000114440918,3.630000114440918,969,0.0,0.0
2023-09-12 00:00:00-04:00,3.630000114440918,3.630000114440918,3.299999952316284,3.5299999713897705,5867,0.0,0.0
2023-09-13 00:00:00-04:00,3.5999999046325684,3.5999999046325684,3.4210000038146973,3.4210000038146973,938,0.0,0.0
2023-09-14 00:00:00-04:00,3.490000009536743,3.799999952316284,3.490000009536743,3.5199999809265137,4716,0.0,0.0
2023-09-15 00:00:00-04:00,3.700000047683716,4.0,3.5299999713897705,4.0,11252,0.0,0.0
2023-09-18 00:00:00-04:00,3.819999933242798,4.199999809265137,3.5896999835968018,3.9649999141693115,10303,0.0,0.0
2023-09-19 00:00:00-04:00,3.7300000190734863,3.9600000381469727,3.7300000190734863,3.890000104904175,1241,0.0,0.0
2023-09-20 00:00:00-04:00,3.700000047683716,3.9000000953674316,3.5,3.9000000953674316,4148,0.0,0.0
2023-09-21 00:00:00-04:00,3.9000000953674316,3.950000047683716,3.690000057220459,3.9000000953674316,2715,0.0,0.0
2023-09-22 00:00:00-04:00,3.859999895095825,3.988300085067749,3.7188000679016113,3.8499999046325684,6170,0.0,0.0
2023-09-25 00:00:00-04:00,3.7339000701904297,3.880000114440918,3.5299999713897705,3.8399999141693115,8415,0.0,0.0
2023-09-26 00:00:00-04:00,3.9000000953674316,3.9000000953674316,3.490000009536743,3.799999952316284,13795,0.0,0.0
2023-09-27 00:00:00-04:00,3.7200000286102295,3.75,3.440000057220459,3.75,7318,0.0,0.0
2023-09-28 00:00:00-04:00,3.5199999809265137,3.880000114440918,3.5199999809265137,3.8450000286102295,3709,0.0,0.0
2023-09-29 00:00:00-04:00,3.880000114440918,3.880000114440918,3.880000114440918,3.880000114440918,525,0.0,0.0
2023-10-02 00:00:00-04:00,3.5797998905181885,3.850600004196167,3.5797998905181885,3.850600004196167,1140,0.0,0.0
2023-10-03 00:00:00-04:00,3.5701000690460205,3.7850000858306885,3.5701000690460205,3.7232000827789307,3820,0.0,0.0
2023-10-04 00:00:00-04:00,3.7300000190734863,3.7300000190734863,3.7300000190734863,3.7300000190734863,269,0.0,0.0
2023-10-05 00:00:00-04:00,3.6600000858306885,3.6600000858306885,3.609999895095825,3.630000114440918,1469,0.0,0.0
2023-10-06 00:00:00-04:00,3.630000114440918,3.630000114440918,3.5801000595092773,3.619999885559082,1028,0.0,0.0
2023-10-09 00:00:00-04:00,3.619999885559082,3.7520999908447266,3.5601000785827637,3.684999942779541,3588,0.0,0.0
2023-10-10 00:00:00-04:00,3.619999885559082,3.6898999214172363,3.619999885559082,3.680000066757202,9087,0.0,0.0
2023-10-11 00:00:00-04:00,3.6700000762939453,3.789900064468384,3.559999942779541,3.7200000286102295,6599,0.0,0.0
2023-10-12 00:00:00-04:00,3.609999895095825,3.700000047683716,3.609999895095825,3.700000047683716,1742,0.0,0.0
2023-10-13 00:00:00-04:00,3.700000047683716,3.700000047683716,3.559999942779541,3.559999942779541,1727,0.0,0.0
2023-10-16 00:00:00-04:00,3.559999942779541,3.569999933242798,3.5,3.5,6726,0.0,0.0
2023-10-17 00:00:00-04:00,3.5199999809265137,3.6898999214172363,3.5000998973846436,3.5399999618530273,6659,0.0,0.0
2023-10-18 00:00:00-04:00,3.6417999267578125,3.6919000148773193,3.5000998973846436,3.6919000148773193,1274,0.0,0.0
2023-10-19 00:00:00-04:00,3.549999952316284,3.700000047683716,3.4600000381469727,3.6700000762939453,4004,0.0,0.0
2023-10-20 00:00:00-04:00,3.5899999141693115,3.6719000339508057,3.5399999618530273,3.6600000858306885,1125,0.0,0.0
2023-10-23 00:00:00-04:00,3.634999990463257,3.634999990463257,3.569999933242798,3.569999933242798,1063,0.0,0.0
2023-10-24 00:00:00-04:00,3.5999999046325684,3.662899971008301,3.1449999809265137,3.611999988555908,14295,0.0,0.0
2023-10-25 00:00:00-04:00,3.7200000286102295,3.8399999141693115,3.509999990463257,3.619999885559082,9069,0.0,0.0
2023-10-26 00:00:00-04:00,3.75,3.8731000423431396,3.690000057220459,3.700000047683716,2507,0.0,0.0
2023-10-27 00:00:00-04:00,3.565000057220459,3.880000114440918,3.4000000953674316,3.869999885559082,5301,0.0,0.0
2023-10-30 00:00:00-04:00,3.880000114440918,4.0,3.880000114440918,4.0,10942,0.0,0.0
2023-10-31 00:00:00-04:00,3.859999895095825,4.0,3.809999942779541,4.0,4626,0.0,0.0
2023-11-01 00:00:00-04:00,4.230000019073486,4.230000019073486,3.8164000511169434,4.130000114440918,11735,0.0,0.0
2023-11-02 00:00:00-04:00,3.880000114440918,4.21019983291626,3.880000114440918,4.0,7943,0.0,0.0
2023-11-03 00:00:00-04:00,4.0,4.190000057220459,4.0,4.099999904632568,17592,0.0,0.0
2023-11-06 00:00:00-05:00,4.070000171661377,4.070000171661377,4.019999980926514,4.019999980926514,3658,0.0,0.0
2023-11-07 00:00:00-05:00,4.070000171661377,4.190000057220459,3.98009991645813,4.139999866485596,18617,0.0,0.0
2023-11-08 00:00:00-05:00,4.120500087738037,4.1890997886657715,4.120500087738037,4.139999866485596,7920,0.0,0.0
2023-11-09 00:00:00-05:00,4.119999885559082,4.232100009918213,3.6410000324249268,3.8299999237060547,5524,0.0,0.0
2023-11-10 00:00:00-05:00,3.9000000953674316,3.9892001152038574,3.2300000190734863,3.569999933242798,16907,0.0,0.0
2023-11-13 00:00:00-05:00,3.5799999237060547,3.7899999618530273,3.5799999237060547,3.7899999618530273,4423,0.0,0.0
2023-11-14 00:00:00-05:00,4.0,4.0,3.661900043487549,3.950000047683716,7925,0.0,0.0
2023-11-15 00:00:00-05:00,3.7899999618530273,4.0,3.7899999618530273,3.990000009536743,7830,0.0,0.0
2023-11-16 00:00:00-05:00,3.9100000858306885,4.230000019073486,3.809999942779541,4.019999980926514,20111,0.0,0.0
2023-11-17 00:00:00-05:00,4.059999942779541,4.119999885559082,4.030799865722656,4.119999885559082,1736,0.0,0.0
2023-11-20 00:00:00-05:00,3.940999984741211,3.940999984741211,3.9100000858306885,3.9100000858306885,703,0.0,0.0
2023-11-21 00:00:00-05:00,4.243299961090088,4.400000095367432,4.179999828338623,4.199999809265137,5762,0.0,0.0
2023-11-22 00:00:00-05:00,4.010000228881836,4.420000076293945,3.9700000286102295,4.420000076293945,5646,0.0,0.0
2023-11-24 00:00:00-05:00,4.320000171661377,4.800000190734863,4.320000171661377,4.75,4928,0.0,0.0
2023-11-27 00:00:00-05:00,4.400000095367432,4.639999866485596,3.9600000381469727,4.21999979019165,13131,0.0,0.0
2023-11-28 00:00:00-05:00,4.25,4.670000076293945,4.25,4.550000190734863,8383,0.0,0.0
2023-11-29 00:00:00-05:00,4.650000095367432,4.650000095367432,4.119999885559082,4.119999885559082,29448,0.0,0.0
2023-11-30 00:00:00-05:00,4.070000171661377,4.199999809265137,3.818700075149536,4.170000076293945,5315,0.0,0.0
2023-12-01 00:00:00-05:00,4.199999809265137,4.199999809265137,4.074999809265137,4.170000076293945,1532,0.0,0.0
2023-12-04 00:00:00-05:00,4.190000057220459,4.269999980926514,4.03000020980835,4.25,7634,0.0,0.0
2023-12-05 00:00:00-05:00,4.329999923706055,4.329999923706055,4.054999828338623,4.150000095367432,3262,0.0,0.0
2023-12-06 00:00:00-05:00,4.150000095367432,4.309999942779541,4.015900135040283,4.264999866485596,3148,0.0,0.0
2023-12-07 00:00:00-05:00,4.302700042724609,4.349999904632568,4.239999771118164,4.349999904632568,1220,0.0,0.0
2023-12-08 00:00:00-05:00,4.380000114440918,4.449999809265137,3.9600000381469727,4.260000228881836,33727,0.0,0.0
2023-12-11 00:00:00-05:00,4.439899921417236,4.449999809265137,4.260000228881836,4.449999809265137,4562,0.0,0.0
2023-12-12 00:00:00-05:00,4.440000057220459,4.559999942779541,4.231500148773193,4.489999771118164,7841,0.0,0.0
2023-12-13 00:00:00-05:00,4.309999942779541,4.43149995803833,4.059999942779541,4.329999923706055,5916,0.0,0.0
2023-12-14 00:00:00-05:00,4.309999942779541,4.329999923706055,4.213500022888184,4.300000190734863,2956,0.0,0.0
2023-12-15 00:00:00-05:00,3.9300999641418457,4.300000190734863,3.9300999641418457,4.300000190734863,4982,0.0,0.0
2023-12-18 00:00:00-05:00,4.15500020980835,4.170000076293945,4.15500020980835,4.170000076293945,640,0.0,0.0
2023-12-19 00:00:00-05:00,4.110000133514404,4.46999979019165,3.9700000286102295,4.235000133514404,3747,0.0,0.0
2023-12-20 00:00:00-05:00,4.239999771118164,4.239999771118164,3.700000047683716,3.809999942779541,6852,0.0,0.0
2023-12-21 00:00:00-05:00,3.819999933242798,3.9000000953674316,3.7100000381469727,3.710099935531616,2509,0.0,0.0
2023-12-22 00:00:00-05:00,3.809999942779541,3.809999942779541,3.2100000381469727,3.380000114440918,13675,0.0,0.0
2023-12-26 00:00:00-05:00,3.4200000762939453,3.725100040435791,3.4200000762939453,3.5901999473571777,1025,0.0,0.0
2023-12-27 00:00:00-05:00,3.6350998878479004,3.6350998878479004,3.5799999237060547,3.5947999954223633,1269,0.0,0.0
2023-12-28 00:00:00-05:00,3.5,3.5,3.4000000953674316,3.4749999046325684,5065,0.0,0.0
2023-12-29 00:00:00-05:00,3.5250000953674316,3.799999952316284,3.5250000953674316,3.6600000858306885,6248,0.0,0.0
2024-01-02 00:00:00-05:00,3.75,4.53000020980835,3.75,4.320000171661377,11116,0.0,0.0
2024-01-03 00:00:00-05:00,4.019999980926514,4.46999979019165,4.0,4.46999979019165,5835,0.0,0.0
2024-01-04 00:00:00-05:00,4.059999942779541,4.489999771118164,4.059999942779541,4.400000095367432,4530,0.0,0.0
2024-01-05 00:00:00-05:00,4.400000095367432,4.400000095367432,4.389999866485596,4.389999866485596,314,0.0,0.0
2024-01-08 00:00:00-05:00,4.239999771118164,4.400000095367432,4.230100154876709,4.400000095367432,3391,0.0,0.0
2024-01-09 00:00:00-05:00,4.400000095367432,4.400000095367432,4.380000114440918,4.389999866485596,598,0.0,0.0
2024-01-10 00:00:00-05:00,4.289999961853027,4.400000095367432,4.289999961853027,4.390999794006348,2650,0.0,0.0
2024-01-11 00:00:00-05:00,4.390999794006348,4.390999794006348,4.390999794006348,4.390999794006348,0,0.0,0.0
2024-01-12 00:00:00-05:00,4.400000095367432,4.400000095367432,4.349999904632568,4.355000019073486,2372,0.0,0.0
2024-01-16 00:00:00-05:00,4.210000038146973,4.400000095367432,4.210000038146973,4.239999771118164,3538,0.0,0.0
2024-01-17 00:00:00-05:00,4.366000175476074,4.400000095367432,4.150000095367432,4.400000095367432,7705,0.0,0.0
2024-01-18 00:00:00-05:00,4.349999904632568,4.789999961853027,4.304100036621094,4.605000019073486,36712,0.0,0.0
2024-01-19 00:00:00-05:00,4.550000190734863,4.715000152587891,4.380000114440918,4.715000152587891,4844,0.0,0.0
2024-01-22 00:00:00-05:00,4.579999923706055,4.849999904632568,4.5,4.849999904632568,5609,0.0,0.0
2024-01-23 00:00:00-05:00,4.849999904632568,4.940000057220459,4.460000038146973,4.880000114440918,2341,0.0,0.0
2024-01-24 00:00:00-05:00,4.71999979019165,4.880000114440918,4.550000190734863,4.550000190734863,3702,0.0,0.0
2024-01-25 00:00:00-05:00,4.570000171661377,4.783299922943115,4.369999885559082,4.783299922943115,7684,0.0,0.0
2024-01-26 00:00:00-05:00,4.67609977722168,4.929900169372559,4.386099815368652,4.610000133514404,4581,0.0,0.0
2024-01-29 00:00:00-05:00,4.769999980926514,5.239999771118164,4.651899814605713,5.0,54997,0.0,0.0
2024-01-30 00:00:00-05:00,5.050000190734863,5.090000152587891,4.677299976348877,5.0,7042,0.0,0.0
2024-01-31 00:00:00-05:00,5.222799777984619,5.46999979019165,4.880000114440918,5.389999866485596,9344,0.0,0.0
2024-02-01 00:00:00-05:00,5.460000038146973,5.460899829864502,5.083600044250488,5.389999866485596,10850,0.0,0.0
2024-02-02 00:00:00-05:00,5.320000171661377,5.400000095367432,4.600100040435791,5.28000020980835,6105,0.0,0.0
2024-02-05 00:00:00-05:00,5.25,5.619999885559082,5.210000038146973,5.449999809265137,22592,0.0,0.0
2024-02-06 00:00:00-05:00,5.409999847412109,5.410099983215332,5.21999979019165,5.329999923706055,3283,0.0,0.0
2024-02-07 00:00:00-05:00,5.260000228881836,5.300000190734863,5.190000057220459,5.190000057220459,3364,0.0,0.0
2024-02-08 00:00:00-05:00,5.309999942779541,5.309999942779541,5.159999847412109,5.179999828338623,1931,0.0,0.0
2024-02-09 00:00:00-05:00,5.2881999015808105,5.369999885559082,5.159999847412109,5.179999828338623,4436,0.0,0.0
2024-02-12 00:00:00-05:00,5.304999828338623,5.400000095367432,5.25,5.400000095367432,2325,0.0,0.0
2024-02-13 00:00:00-05:00,4.829999923706055,5.467800140380859,4.829999923706055,5.212200164794922,8447,0.0,0.0
2024-02-14 00:00:00-05:00,5.210000038146973,5.474800109863281,5.159999847412109,5.289999961853027,8855,0.0,0.0
2024-02-15 00:00:00-05:00,5.25,5.46999979019165,5.25,5.460100173950195,9039,0.0,0.0
2024-02-16 00:00:00-05:00,5.599899768829346,5.599999904632568,5.599899768829346,5.599999904632568,816,0.0,0.0
2024-02-20 00:00:00-05:00,5.579699993133545,5.797900199890137,5.420000076293945,5.739999771118164,21067,0.0,0.0
2024-02-21 00:00:00-05:00,5.650000095367432,5.889999866485596,5.570000171661377,5.78000020980835,6958,0.0,0.0
2024-02-22 00:00:00-05:00,5.690000057220459,5.78000020980835,5.380000114440918,5.78000020980835,13234,0.0,0.0
2024-02-23 00:00:00-05:00,5.829999923706055,6.449999809265137,5.829999923706055,6.289999961853027,56771,0.0,0.0
2024-02-26 00:00:00-05:00,6.110000133514404,6.449999809265137,6.010000228881836,6.239999771118164,25303,0.0,0.0
2024-02-27 00:00:00-05:00,6.249000072479248,6.409800052642822,6.150000095367432,6.369999885559082,12539,0.0,0.0
2024-02-28 00:00:00-05:00,6.204999923706055,6.369999885559082,6.195000171661377,6.360000133514404,2245,0.0,0.0
2024-02-29 00:00:00-05:00,6.369999885559082,6.510000228881836,6.199999809265137,6.336699962615967,17412,0.0,0.0
2024-03-01 00:00:00-05:00,6.394999980926514,6.550000190734863,6.240099906921387,6.349999904632568,6860,0.0,0.0
2024-03-04 00:00:00-05:00,6.375,6.570000171661377,6.269999980926514,6.570000171661377,13872,0.0,0.0
2024-03-05 00:00:00-05:00,6.389999866485596,6.625,6.389999866485596,6.510000228881836,5738,0.0,0.0
2024-03-06 00:00:00-05:00,6.414999961853027,6.730000019073486,6.414999961853027,6.614999771118164,3911,0.0,0.0
2024-03-07 00:00:00-05:00,6.579999923706055,6.579999923706055,6.0,6.510000228881836,47512,0.0,0.0
2024-03-08 00:00:00-05:00,6.639999866485596,6.639999866485596,6.010000228881836,6.239999771118164,23755,0.0,0.0
2024-03-11 00:00:00-04:00,6.269999980926514,6.679999828338623,5.570000171661377,6.25,21315,0.0,0.0
2024-03-12 00:00:00-04:00,6.150000095367432,6.53000020980835,6.059999942779541,6.53000020980835,5071,0.0,0.0
2024-03-13 00:00:00-04:00,6.329999923706055,6.679999828338623,6.25,6.480000019073486,4915,0.0,0.0
2024-03-14 00:00:00-04:00,6.349999904632568,6.599999904632568,6.260000228881836,6.480000019073486,6083,0.0,0.0
2024-03-15 00:00:00-04:00,6.488999843597412,6.639999866485596,6.300000190734863,6.639999866485596,2837,0.0,0.0
2024-03-18 00:00:00-04:00,6.659999847412109,6.679999828338623,6.309999942779541,6.639999866485596,10867,0.0,0.0
2024-03-19 00:00:00-04:00,6.96999979019165,7.349999904632568,6.639999866485596,6.940000057220459,18715,0.0,0.0
2024-03-20 00:00:00-04:00,7.190000057220459,7.289999961853027,6.900000095367432,6.989999771118164,3924,0.0,0.0
2024-03-21 00:00:00-04:00,7.0,7.900000095367432,7.0,7.670000076293945,10985,0.0,0.0
2024-03-22 00:00:00-04:00,7.699999809265137,8.079999923706055,7.699999809265137,7.829999923706055,7105,0.0,0.0
2024-03-25 00:00:00-04:00,21.610000610351562,21.86989974975586,21.100000381469727,21.399999618530273,571576,0.0,0.0
2024-03-26 00:00:00-04:00,21.649999618530273,21.799999237060547,21.360000610351562,21.559999465942383,66122,0.0,0.0
2024-03-27 00:00:00-04:00,21.399999618530273,21.649999618530273,21.350000381469727,21.360000610351562,44651,0.0,0.0
2024-03-28 00:00:00-04:00,21.40999984741211,21.8700008392334,21.350000381469727,21.479999542236328,47103,0.0,0.0
2024-04-01 00:00:00-04:00,21.450000762939453,21.759899139404297,21.43000030517578,21.600000381469727,31259,0.0,0.0
2024-04-02 00:00:00-04:00,21.600000381469727,21.600000381469727,21.450000762939453,21.520000457763672,38703,0.0,0.0
2024-04-03 00:00:00-04:00,21.459999084472656,21.760000228881836,21.450000762939453,21.489999771118164,25046,0.0,0.0
2024-04-04 00:00:00-04:00,21.450000762939453,21.75,21.450000762939453,21.5,18693,0.0,0.0
2024-04-05 00:00:00-04:00,21.459999084472656,21.637500762939453,21.459999084472656,21.610000610351562,27999,0.0,0.0
2024-04-08 00:00:00-04:00,21.75,21.790000915527344,21.469999313354492,21.5,34515,0.0,0.0
2024-04-09 00:00:00-04:00,21.512300491333008,21.59000015258789,21.489999771118164,21.5,18908,0.0,0.0
2024-04-10 00:00:00-04:00,21.469999313354492,21.600000381469727,21.459999084472656,21.530000686645508,31043,0.0,0.0
2024-04-11 00:00:00-04:00,21.530000686645508,21.6299991607666,21.510000228881836,21.510000228881836,35409,0.0,0.0
2024-04-12 00:00:00-04:00,21.579999923706055,21.579999923706055,21.5,21.53820037841797,3050,0.0,0.0
2024-04-15 00:00:00-04:00,21.510000228881836,21.56999969482422,21.43000030517578,21.56999969482422,18713,0.0,0.0
2024-04-16 00:00:00-04:00,21.5,21.559999465942383,21.43000030517578,21.520000457763672,19143,0.0,0.0
2024-04-17 00:00:00-04:00,21.459999084472656,21.719999313354492,21.459999084472656,21.670000076293945,15314,0.0,0.0
2024-04-18 00:00:00-04:00,21.549999237060547,21.75,21.549999237060547,21.75,20783,0.0,0.0
2024-04-19 00:00:00-04:00,21.700000762939453,21.81999969482422,21.600000381469727,21.81999969482422,14687,0.0,0.0
2024-04-22 00:00:00-04:00,21.84000015258789,22.094999313354492,21.610000610351562,21.959999084472656,13185,0.0,0.0
2024-04-23 00:00:00-04:00,21.899999618530273,22.150999069213867,21.899999618530273,22.150100708007812,9225,0.0,0.0
2024-04-24 00:00:00-04:00,22.190000534057617,22.489999771118164,22.06999969482422,22.18000030517578,9082,0.0,0.0
2024-04-25 00:00:00-04:00,22.84000015258789,22.84000015258789,22.209999084472656,22.489999771118164,3928,0.0,0.0
2024-04-26 00:00:00-04:00,22.350000381469727,22.550100326538086,22.309999465942383,22.309999465942383,14876,0.0,0.0
2024-04-29 00:00:00-04:00,22.360000610351562,22.489999771118164,22.200000762939453,22.479900360107422,3969,0.0,0.0
2024-04-30 00:00:00-04:00,22.459999084472656,22.459999084472656,22.18000030517578,22.299999237060547,1677,0.0,0.0
2024-05-01 00:00:00-04:00,22.459999084472656,22.459999084472656,22.149999618530273,22.293100357055664,9671,0.0,0.0
2024-05-02 00:00:00-04:00,22.1200008392334,22.36240005493164,21.90999984741211,22.25,6316,0.0,0.0
2024-05-03 00:00:00-04:00,22.291200637817383,22.43000030517578,22.184999465942383,22.235000610351562,3863,0.0,0.0
2024-05-06 00:00:00-04:00,22.100000381469727,22.19499969482422,22.020000457763672,22.149999618530273,6357,0.0,0.0
2024-05-07 00:00:00-04:00,22.18000030517578,22.285499572753906,22.120100021362305,22.170000076293945,7834,0.0,0.0
2024-05-08 00:00:00-04:00,22.14590072631836,22.207799911499023,22.120100021362305,22.204999923706055,5249,0.0,0.0
2024-05-09 00:00:00-04:00,22.178199768066406,22.479999542236328,22.1299991607666,22.360000610351562,5058,0.0,0.0
2024-05-10 00:00:00-04:00,22.1299991607666,22.375,22.1299991607666,22.329999923706055,10749,0.0,0.0
2024-05-13 00:00:00-04:00,22.40999984741211,22.420000076293945,22.1299991607666,22.204999923706055,3896,0.0,0.0
2024-05-14 00:00:00-04:00,22.479999542236328,22.579999923706055,22.25,22.450000762939453,2461,0.0,0.0
2024-05-15 00:00:00-04:00,22.34950065612793,22.450000762939453,22.299999237060547,22.299999237060547,12273,0.0,0.0
2024-05-16 00:00:00-04:00,22.399999618530273,22.459999084472656,22.290000915527344,22.299999237060547,5739,0.0,0.0
2024-05-17 00:00:00-04:00,22.389999389648438,22.469999313354492,22.325000762939453,22.469999313354492,12928,0.0,0.0
2024-05-20 00:00:00-04:00,22.299999237060547,22.4552001953125,22.200199127197266,22.209999084472656,17977,0.0,0.0
2024-05-21 00:00:00-04:00,22.25,22.399999618530273,22.25,22.299999237060547,10096,0.0,0.0
2024-05-22 00:00:00-04:00,22.360000610351562,22.8799991607666,22.360000610351562,22.797100067138672,35001,0.0,0.0
2024-05-23 00:00:00-04:00,22.93000030517578,22.940000534057617,22.75,22.93000030517578,50268,0.0,0.0
